latitude,longitude,victim_age,victim_gender,victim_ethnicity,weather,day_night,hour,day_of_week,month,year,crime_type
34.374540118847364,-118.81486707116139,45,Female,Black,Cloudy,Day,21,5,2,2020,Burglary
34.950714306409914,-118.45809905262165,24,Female,Hispanic,Rainy,Night,2,3,7,2013,Robbery
34.7319939418114,-118.12705416412359,52,Female,White,Rainy,Day,4,3,9,2015,Burglary
34.59865848419704,-118.26777511359045,72,Female,Asian,Rainy,Night,15,4,4,2013,Assault
34.15601864044244,-118.19343885213856,45,Male,Black,Cloudy,Night,17,0,12,2015,Theft
34.1559945203362,-118.34121663328928,31,Female,White,Clear,Day,16,3,5,2023,Vandalism
34.0580836121682,-118.30772343548215,73,Female,Asian,Cloudy,Night,10,2,3,2019,Robbery
34.866176145774936,-118.15080434843468,27,Female,Black,Clear,Day,16,5,11,2007,Theft
34.60111501174321,-118.75033199114081,33,Male,Black,Rainy,Day,15,4,9,2023,Theft
34.708072577796045,-118.51057503635685,33,Female,Asian,Clear,Night,22,1,4,2002,Burglary
34.020584494295804,-118.7787905581804,71,Male,Asian,Cloudy,Day,1,1,5,2018,Assault
34.969909852162,-118.01233199200335,48,Female,Hispanic,Cloudy,Day,3,0,1,2000,Burglary
34.83244264080042,-118.05594066031338,59,Female,White,Rainy,Day,20,2,11,2001,Assault
34.21233911067828,-118.9605731886315,42,Male,White,Clear,Night,6,3,12,2014,Burglary
34.1818249672071,-118.2944248274843,30,Female,Hispanic,Rainy,Day,1,1,2,2021,Theft
34.18340450985343,-118.07475168258433,23,Male,Black,Rainy,Night,5,0,12,2009,Vandalism
34.30424224295954,-118.81942465487266,61,Male,Asian,Cloudy,Night,16,5,9,2017,Assault
34.52475643163224,-118.43205476944738,26,Male,Asian,Clear,Day,6,2,2,2021,Robbery
34.43194501864212,-118.08451170241196,62,Female,Asian,Clear,Day,4,2,5,2013,Robbery
34.29122914019804,-118.9660540214142,53,Female,Black,Clear,Night,4,6,8,2016,Theft
34.61185289472238,-118.30257973275316,73,Female,Asian,Clear,Night,19,0,3,2012,Burglary
34.13949386065204,-118.70265099262745,60,Male,Asian,Rainy,Day,15,0,6,2000,Burglary
34.29214464853522,-118.07560380462347,37,Female,Hispanic,Rainy,Day,18,6,4,2004,Theft
34.36636184329369,-118.02894175483463,35,Male,Black,Cloudy,Night,8,3,11,2012,Robbery
34.45606998421704,-118.05573351088657,75,Female,White,Rainy,Night,4,0,7,2013,Robbery
34.785175961393016,-118.52578578334254,60,Male,Hispanic,Rainy,Night,7,6,10,2023,Burglary
34.19967378215836,-118.13795734901069,74,Male,Hispanic,Cloudy,Night,8,3,3,2002,Assault
34.51423443841361,-118.15545060146493,38,Male,White,Cloudy,Night,4,3,6,2014,Vandalism
34.59241456886204,-118.68089952675675,21,Female,Hispanic,Cloudy,Day,9,4,12,2018,Assault
34.04645041272,-118.17108452584932,67,Male,Black,Rainy,Night,1,2,10,2016,Robbery
34.60754485190144,-118.9629923652845,50,Male,Asian,Rainy,Night,8,5,9,2002,Assault
34.170524123687294,-118.40373012151795,44,Male,Black,Cloudy,Day,10,2,11,2015,Vandalism
34.06505159298528,-118.7699911627123,24,Male,White,Cloudy,Day,3,2,10,2013,Assault
34.94888553725333,-118.87943311422272,23,Male,White,Cloudy,Night,21,4,1,2011,Assault
34.965632033074556,-118.92304679837079,32,Male,Hispanic,Rainy,Night,21,3,3,2011,Assault
34.80839734811646,-118.30371122412186,35,Female,Black,Rainy,Day,21,3,2,2010,Assault
34.30461376917337,-118.66012503623193,49,Female,Black,Clear,Night,1,0,8,2016,Theft
34.097672114006386,-118.27523322847124,73,Male,White,Rainy,Night,22,4,7,2007,Robbery
34.68423302651216,-118.93464365920106,28,Female,Black,Rainy,Day,5,0,2,2016,Vandalism
34.4401524937396,-118.6847096621694,37,Female,White,Rainy,Night,13,4,6,2020,Robbery
34.12203823484478,-118.46050870762467,41,Male,Black,Cloudy,Day,0,0,3,2022,Theft
34.49517691011127,-118.20927683516103,32,Male,Black,Rainy,Day,17,1,8,2019,Theft
34.03438852111522,-118.68124749706793,65,Male,Black,Cloudy,Day,6,6,10,2010,Theft
34.909320402078784,-118.37410862356299,24,Female,White,Clear,Day,0,2,3,2001,Theft
34.258779981600014,-118.11402225176381,38,Male,Hispanic,Clear,Night,0,2,10,2009,Assault
34.66252228435398,-118.3841368118177,59,Female,Black,Cloudy,Day,0,5,9,2009,Robbery
34.31171107608941,-118.76704052524637,43,Male,White,Cloudy,Night,23,6,1,2010,Burglary
34.52006802117781,-118.97559921844346,61,Female,White,Cloudy,Night,3,3,5,2005,Vandalism
34.54671027934328,-118.12990112609907,73,Male,Black,Rainy,Night,3,5,3,2003,Theft
34.184854455525524,-118.9787305891496,31,Male,Black,Clear,Night,17,1,6,2023,Robbery
34.96958462776456,-118.1252983273158,74,Female,Hispanic,Cloudy,Night,10,5,10,2011,Theft
34.77513282336111,-118.47106286597278,54,Female,White,Rainy,Day,0,2,2,2010,Theft
34.93949894156419,-118.0609323014871,75,Female,White,Clear,Day,9,3,9,2022,Theft
34.89482735042765,-118.20121676422633,38,Female,Asian,Rainy,Day,8,1,6,2022,Theft
34.597899978811085,-118.00206588946666,35,Female,White,Clear,Day,22,2,7,2012,Theft
34.92187423502312,-118.64928818454828,22,Female,Hispanic,Rainy,Night,3,6,5,2004,Vandalism
34.08849250205192,-118.23281171106888,20,Male,Asian,Clear,Day,5,0,9,2005,Robbery
34.19598286241914,-118.59806908639075,40,Female,Asian,Clear,Night,15,4,1,2000,Theft
34.04522728891054,-118.52012437969609,43,Male,Asian,Rainy,Night,1,1,5,2005,Theft
34.325330330763265,-118.37249453678163,54,Male,Black,Cloudy,Day,22,3,11,2017,Theft
34.38867728968948,-118.12632288581366,41,Female,Black,Clear,Day,17,5,10,2021,Theft
34.271349031773894,-118.01591653080071,66,Male,White,Cloudy,Day,9,6,11,2008,Assault
34.82873750915193,-118.23172658613548,36,Female,Asian,Rainy,Day,23,5,6,2023,Assault
34.35675332669359,-118.58223321783267,68,Female,Hispanic,Cloudy,Night,23,1,7,2014,Burglary
34.280934509687384,-118.57864299772292,42,Male,Black,Cloudy,Night,16,6,12,2007,Theft
34.54269608315825,-118.26241769841111,38,Male,Hispanic,Cloudy,Day,12,3,4,2018,Burglary
34.14092422497476,-118.7612228542317,29,Female,Hispanic,Cloudy,Night,23,1,12,2023,Vandalism
34.80219698075404,-118.88952588686861,74,Female,Black,Cloudy,Night,17,3,1,2015,Burglary
34.07455064367977,-118.64537784235922,78,Male,Black,Clear,Night,21,5,11,2005,Robbery
34.98688693660052,-118.71276100834592,58,Male,Black,Clear,Day,12,2,8,2005,Assault
34.772244769296655,-118.70369187954401,50,Male,Black,Clear,Night,16,6,10,2021,Assault
34.198715681534175,-118.76639224895008,67,Male,Asian,Rainy,Day,4,0,4,2002,Theft
34.005522117123604,-118.95790681036364,70,Female,Asian,Cloudy,Day,10,2,3,2009,Theft
34.81546142845483,-118.98212606526658,21,Female,Asian,Clear,Night,6,0,12,2000,Vandalism
34.70685734384762,-118.01227761026396,59,Female,Asian,Rainy,Night,9,5,7,2013,Vandalism
34.72900716804099,-118.57222686626413,74,Female,White,Clear,Day,16,6,12,2003,Robbery
34.771270346685945,-118.61567335284032,24,Male,Asian,Clear,Night,14,2,2,2011,Theft
34.07404465173409,-118.32035271730693,39,Male,Black,Cloudy,Night,17,2,8,2005,Theft
34.358465728544274,-118.78174611213494,72,Female,Hispanic,Rainy,Day,22,1,6,2010,Vandalism
34.11586905952513,-118.05003881604978,50,Female,Asian,Cloudy,Day,21,4,7,2011,Vandalism
34.86310342587559,-118.21365498558445,34,Female,White,Cloudy,Day,18,5,5,2009,Vandalism
34.62329812682756,-118.91058899768774,41,Female,Black,Clear,Day,1,3,9,2017,Assault
34.33089802485265,-118.58241922421507,78,Female,Hispanic,Cloudy,Night,3,5,5,2006,Burglary
34.06355835028602,-118.12088169243783,78,Female,Hispanic,Rainy,Night,2,3,11,2006,Burglary
34.31098232171566,-118.0552679777086,51,Female,Asian,Cloudy,Day,6,6,5,2010,Theft
34.325183322026746,-118.53259848875012,45,Female,Hispanic,Cloudy,Day,23,3,3,2003,Assault
34.72960617833807,-118.38658861078929,75,Female,Asian,Cloudy,Day,17,0,11,2019,Vandalism
34.637557471355215,-118.83296605390792,60,Male,Asian,Clear,Night,9,3,1,2000,Theft
34.887212742576324,-118.00883137386302,58,Female,Black,Rainy,Day,6,3,2,2012,Assault
34.47221492516195,-118.76832829861655,56,Male,Black,Clear,Night,7,1,8,2017,Robbery
34.1195942459383,-118.05726822586487,39,Male,White,Clear,Day,5,2,1,2008,Assault
34.713244787223,-118.35035335100763,66,Female,Black,Clear,Day,21,5,7,2023,Theft
34.760785048616896,-118.39226320512114,34,Female,Black,Clear,Day,0,5,5,2023,Burglary
34.561277197569495,-118.4873114889835,51,Male,Asian,Clear,Night,3,6,3,2008,Vandalism
34.77096717995456,-118.76933018828224,23,Male,Black,Rainy,Night,13,6,12,2022,Robbery
34.49379559636439,-118.8234719679945,63,Female,Asian,Cloudy,Night,16,3,12,2008,Assault
34.522732829381994,-118.77951379092983,23,Male,Asian,Clear,Day,19,4,11,2009,Theft
34.427541018358546,-118.81356173785575,51,Female,Black,Clear,Night,17,5,7,2001,Theft
34.0254191267441,-118.22041552643324,18,Female,White,Rainy,Night,10,6,9,2005,Vandalism
34.107891426993305,-118.64987474083327,27,Female,White,Rainy,Day,20,3,2,2014,Theft
34.03142918568673,-118.9421573234366,38,Male,Hispanic,Cloudy,Day,13,6,8,2002,Theft
34.63641041126378,-118.03089736985919,22,Male,Hispanic,Rainy,Night,8,0,9,2010,Vandalism
34.314355981076325,-118.11621411503657,19,Female,Black,Cloudy,Night,14,0,11,2005,Robbery
34.5085706911647,-118.07224771680478,39,Male,White,Clear,Night,11,6,3,2002,Burglary
34.907566473926096,-118.00509217735356,65,Male,Asian,Clear,Night,9,0,2,2023,Burglary
34.24929222914888,-118.82610475078052,74,Male,Hispanic,Cloudy,Day,18,6,7,2010,Assault
34.41038292303563,-118.60375798109735,19,Male,Asian,Rainy,Day,23,3,5,2014,Robbery
34.75555113854305,-118.24176152429591,27,Male,Hispanic,Cloudy,Day,18,1,5,2012,Assault
34.228798165491625,-118.3039793819462,51,Male,Black,Rainy,Night,5,4,10,2019,Burglary
34.07697990982879,-118.84610409366014,33,Male,White,Clear,Night,19,3,5,2009,Vandalism
34.28975145291377,-118.18416687500938,65,Female,Hispanic,Rainy,Day,23,1,4,2005,Theft
34.161221287254,-118.77555942816333,68,Male,White,Cloudy,Day,5,1,5,2014,Burglary
34.929697652342576,-118.77618238517738,78,Male,Asian,Cloudy,Night,7,5,4,2017,Robbery
34.808120379564414,-118.46302557710659,56,Male,Black,Clear,Night,0,3,6,2017,Burglary
34.633403756510425,-118.40706006515829,39,Male,White,Rainy,Day,21,3,4,2006,Robbery
34.871460590187716,-118.41991379216219,29,Male,Black,Rainy,Day,16,6,2,2014,Robbery
34.80367207689911,-118.90851316260225,41,Male,White,Rainy,Day,16,1,9,2017,Robbery
34.18657005888603,-118.12253913736961,64,Male,Asian,Clear,Night,23,1,2,2017,Assault
34.892558998489974,-118.7343999574113,57,Male,Asian,Rainy,Night,14,1,9,2019,Vandalism
34.53934224191565,-118.8704850787172,55,Female,Black,Cloudy,Night,6,6,10,2008,Burglary
34.80744015516406,-118.11125192013102,77,Male,Asian,Rainy,Night,18,5,6,2023,Vandalism
34.89609129992349,-118.04434850177024,76,Male,Hispanic,Clear,Night,21,3,9,2001,Theft
34.31800347497187,-118.13787238273454,27,Male,White,Rainy,Night,22,1,9,2007,Burglary
34.110051924527674,-118.19048392527512,52,Male,Asian,Rainy,Day,2,0,3,2019,Vandalism
34.22793516254194,-118.34475801936098,68,Female,Hispanic,Cloudy,Day,21,3,1,2001,Vandalism
34.42710778862626,-118.44914262939086,66,Female,Black,Rainy,Night,10,6,1,2010,Theft
34.81801476592249,-118.91301324008859,49,Female,Hispanic,Cloudy,Day,19,5,3,2006,Robbery
34.86073058325634,-118.5915467869293,24,Female,Black,Cloudy,Night,18,0,5,2005,Burglary
34.00695213053119,-118.6273114829877,38,Female,Black,Clear,Day,8,6,3,2009,Burglary
34.51074730257756,-118.74024621623967,37,Female,White,Cloudy,Night,9,2,12,2004,Theft
34.41741100314878,-118.27657988631141,43,Female,White,Cloudy,Day,1,3,9,2010,Robbery
34.22210781047073,-118.50412426492123,21,Female,Hispanic,Clear,Day,0,2,9,2000,Burglary
34.11986536733368,-118.91895378409235,63,Female,White,Cloudy,Night,15,6,3,2001,Burglary
34.33761517140363,-118.77981679805019,69,Female,White,Clear,Night,17,6,3,2023,Burglary
34.94290970391252,-118.3167412363404,39,Female,White,Rainy,Day,22,6,12,2000,Robbery
34.323202932020756,-118.9238691405097,32,Female,Hispanic,Clear,Day,16,1,5,2018,Theft
34.51879062174336,-118.14879308595123,73,Female,Asian,Cloudy,Night,5,5,2,2001,Burglary
34.70301895889518,-118.50485347298603,57,Female,White,Clear,Day,13,1,6,2020,Vandalism
34.36362960237929,-118.51941342267335,38,Female,White,Cloudy,Night,22,5,7,2019,Robbery
34.971782082720964,-118.40759221534049,32,Female,Hispanic,Rainy,Night,14,4,9,2022,Assault
34.96244729494211,-118.17531903407485,39,Male,Asian,Clear,Day,13,1,6,2020,Theft
34.251782295825365,-118.65219079209781,69,Female,White,Rainy,Night,23,2,3,2023,Vandalism
34.49724850589239,-118.32198384744093,45,Male,Black,Cloudy,Day,21,5,12,2003,Burglary
34.30087830981677,-118.43426803600421,31,Female,Hispanic,Cloudy,Day,2,1,5,2011,Assault
34.28484049437747,-118.73297172983058,44,Female,White,Rainy,Night,23,3,4,2021,Theft
34.03688694735453,-118.12137001364484,78,Male,White,Clear,Day,22,6,5,2019,Robbery
34.6095643339799,-118.20257397839308,58,Female,Black,Clear,Night,18,5,8,2017,Assault
34.502679023228865,-118.34154816534158,57,Male,Black,Cloudy,Night,11,5,8,2000,Assault
34.05147875124999,-118.14941827090576,75,Male,Hispanic,Rainy,Night,1,1,6,2000,Vandalism
34.27864646423661,-118.1327057990402,45,Male,Hispanic,Rainy,Day,2,4,1,2023,Theft
34.90826588596666,-118.29163702328496,43,Female,Black,Clear,Night,17,1,8,2013,Vandalism
34.23956189066697,-118.16298667163633,66,Female,Hispanic,Clear,Day,0,2,8,2003,Vandalism
34.14489487209122,-118.30252853833072,19,Female,Black,Clear,Night,19,2,2,2004,Burglary
34.489452760277565,-118.3198592282397,42,Male,White,Rainy,Night,20,5,4,2010,Robbery
34.9856504541106,-118.38138862178482,73,Male,Black,Clear,Night,5,5,12,2023,Assault
34.242055271511504,-118.24728336044235,79,Female,Black,Clear,Day,4,1,2,2022,Theft
34.67213554740588,-118.84139489470692,20,Female,Asian,Cloudy,Day,0,2,4,2012,Robbery
34.76161961532872,-118.11912924080107,25,Female,Black,Clear,Night,18,2,12,2015,Robbery
34.2376375439924,-118.12815647225477,61,Female,Black,Clear,Night,0,4,10,2023,Theft
34.72821634861186,-118.97075271696544,50,Female,Asian,Rainy,Day,20,3,7,2012,Robbery
34.367783132719254,-118.17418324943523,59,Male,Hispanic,Rainy,Day,20,4,9,2023,Burglary
34.63230583059358,-118.87113013252656,69,Male,Asian,Cloudy,Day,15,0,8,2021,Robbery
34.6335297107609,-118.66488114574086,52,Male,White,Clear,Night,11,6,12,2001,Burglary
34.53577468407476,-118.2564917437084,23,Female,Asian,Cloudy,Day,21,4,9,2015,Assault
34.09028977005441,-118.8392401039517,56,Male,White,Rainy,Night,7,1,8,2005,Assault
34.83530249558924,-118.18203297588094,69,Male,Hispanic,Cloudy,Day,15,3,2,2013,Vandalism
34.320780064971736,-118.16786582204226,40,Male,Asian,Rainy,Night,0,1,7,2000,Burglary
34.18651851039986,-118.49253226623917,42,Male,Asian,Cloudy,Night,3,6,2,2016,Assault
34.04077514155476,-118.99361412828317,76,Male,Hispanic,Cloudy,Night,9,0,12,2010,Robbery
34.590892943188244,-118.71296186682508,67,Female,White,Clear,Day,10,3,11,2018,Theft
34.67756436184228,-118.38307308162426,60,Male,Asian,Cloudy,Day,16,5,2,2002,Theft
34.016587828927854,-118.01881382197257,36,Female,White,Clear,Day,22,2,4,2010,Burglary
34.51209305829928,-118.36818647298333,22,Female,Asian,Clear,Night,6,4,1,2004,Vandalism
34.22649577519794,-118.74019641893584,68,Female,Black,Clear,Night,11,1,5,2016,Robbery
34.64517279040945,-118.36599429690038,28,Female,Asian,Clear,Day,20,0,6,2021,Burglary
34.17436642900499,-118.46001462028414,73,Female,Hispanic,Cloudy,Night,6,2,9,2006,Theft
34.69093773810246,-118.22015460484886,29,Male,Hispanic,Rainy,Night,11,4,10,2009,Burglary
34.38673534630054,-118.89301936117305,27,Male,White,Rainy,Night,14,2,8,2010,Robbery
34.93672998873674,-118.23897209749798,25,Female,Asian,Rainy,Day,1,4,2,2002,Assault
34.13752094414599,-118.45873342132388,41,Female,White,Cloudy,Night,13,5,1,2019,Robbery
34.34106635105026,-118.037007996141,77,Female,White,Clear,Day,12,3,2,2009,Assault
34.113473521240586,-118.65812783396132,45,Male,Black,Rainy,Day,3,2,7,2009,Assault
34.92469361827856,-118.36737810686606,58,Female,Black,Cloudy,Day,13,2,4,2013,Assault
34.87733935338098,-118.06797189448999,53,Male,Hispanic,Clear,Day,13,2,10,2011,Burglary
34.257941627715155,-118.89749027200932,54,Female,White,Rainy,Day,15,3,5,2014,Theft
34.65998404603418,-118.06277151276355,38,Male,Hispanic,Clear,Night,6,0,12,2009,Burglary
34.817222200201215,-118.31211427769918,25,Female,Asian,Rainy,Day,18,4,7,2009,Theft
34.55520081159946,-118.93216294089483,72,Male,White,Rainy,Day,1,5,3,2018,Robbery
34.529650578356005,-118.69903643305318,26,Female,White,Rainy,Day,9,2,10,2000,Vandalism
34.241852290900454,-118.29182791135472,64,Male,Asian,Clear,Night,17,6,2,2023,Robbery
34.0931027678059,-118.93264939853123,32,Male,Asian,Cloudy,Night,16,3,7,2009,Burglary
34.897215757953326,-118.41782953982373,65,Male,Hispanic,Clear,Night,4,0,5,2001,Burglary
34.90041805716333,-118.65411694304704,63,Male,Hispanic,Rainy,Night,11,4,1,2016,Theft
34.63310145727327,-118.37908448223253,57,Male,Asian,Clear,Day,5,3,1,2023,Burglary
34.3390297910487,-118.95425796618748,35,Male,Hispanic,Cloudy,Day,21,5,9,2006,Assault
34.34920957461266,-118.12846319384762,59,Male,Asian,Clear,Night,8,5,5,2006,Burglary
34.72595567887024,-118.0265110308226,77,Female,White,Cloudy,Night,19,4,1,2019,Theft
34.897110259952576,-118.0311221447143,37,Female,White,Cloudy,Night,0,2,7,2008,Theft
34.88708642426512,-118.25034816825708,23,Female,Black,Clear,Night,21,5,9,2021,Assault
34.77987554585762,-118.86991375986936,29,Female,White,Rainy,Day,14,0,11,2001,Theft
34.64203164615429,-118.24173680407098,19,Female,Asian,Cloudy,Night,20,3,1,2013,Vandalism
34.084139964995046,-118.9754130835412,24,Male,Hispanic,Clear,Night,5,0,10,2016,Robbery
34.16162871409461,-118.97787644847101,33,Male,Black,Cloudy,Night,18,2,4,2000,Burglary
34.89855418852708,-118.67638978085046,20,Male,Hispanic,Rainy,Night,17,0,3,2008,Vandalism
34.60642905965959,-118.51135680959534,62,Male,Asian,Clear,Night,5,0,5,2019,Burglary
34.00919705161663,-118.22959258219221,20,Male,White,Clear,Night,12,1,7,2020,Vandalism
34.10147154286603,-118.31670462339349,44,Female,Black,Clear,Night,0,0,8,2018,Burglary
34.66350176910806,-118.55409729362326,67,Female,Asian,Rainy,Day,22,4,2,2003,Assault
34.00506158384622,-118.72637333371833,60,Female,Black,Cloudy,Day,22,3,7,2007,Theft
34.1608080514175,-118.00287549984229,57,Female,Black,Clear,Day,12,1,1,2012,Theft
34.54873378936659,-118.57381869776403,55,Male,White,Cloudy,Day,6,3,7,2003,Assault
34.691895197692695,-118.54861297567032,50,Male,Asian,Cloudy,Day,14,3,8,2008,Vandalism
34.6519612595026,-118.83637617880834,45,Male,Hispanic,Rainy,Day,11,2,2,2008,Robbery
34.22426930946056,-118.20519045125008,18,Female,Black,Clear,Night,0,2,9,2021,Vandalism
34.71217922134753,-118.30631777421851,72,Male,Black,Cloudy,Night,14,1,1,2017,Theft
34.2372490874968,-118.77923038721124,25,Female,Hispanic,Clear,Day,3,5,6,2011,Robbery
34.325399698159266,-118.91761895438415,54,Male,Asian,Clear,Night,12,6,1,2009,Burglary
34.74649140511802,-118.31950069792529,49,Male,Black,Rainy,Day,22,2,3,2010,Robbery
34.64963289904721,-118.34548878571887,77,Female,Black,Clear,Night,4,6,11,2006,Vandalism
34.849223410494176,-118.7267404730018,65,Male,Black,Clear,Night,1,2,6,2008,Assault
34.65761289230034,-118.0491364377496,60,Male,Asian,Cloudy,Night,22,2,3,2005,Burglary
34.568308603335474,-118.8489421082191,54,Female,Asian,Rainy,Night,0,3,8,2018,Vandalism
34.09367476782809,-118.5676651989574,21,Male,Hispanic,Clear,Night,15,1,5,2015,Burglary
34.36771580305943,-118.0563840798324,47,Female,Asian,Cloudy,Night,22,3,2,2014,Robbery
34.265202367681724,-118.58027268307387,23,Male,Asian,Rainy,Day,5,4,4,2006,Theft
34.24398964337908,-118.36147405233591,63,Male,White,Rainy,Day,22,3,9,2015,Vandalism
34.97301055475245,-118.60240560203721,71,Male,Hispanic,Cloudy,Night,15,6,4,2004,Assault
34.39309772466676,-118.72578479765133,36,Male,Black,Cloudy,Day,13,6,10,2015,Robbery
34.89204655517711,-118.01602235204017,49,Male,Asian,Cloudy,Night,2,4,10,2000,Vandalism
34.631138625997266,-118.59066599368495,26,Male,Black,Cloudy,Day,14,0,8,2018,Assault
34.79481130354165,-118.10590079632087,29,Male,Black,Cloudy,Night,2,0,5,2004,Vandalism
34.50263709310519,-118.77004539410892,28,Male,White,Clear,Day,22,4,11,2006,Robbery
34.57690388462636,-118.78689529597492,63,Female,Asian,Clear,Night,1,4,11,2018,Vandalism
34.49251769381886,-118.9688659171155,72,Female,Hispanic,Rainy,Day,0,3,10,2021,Burglary
34.195242987798046,-118.34833317462412,33,Male,Asian,Clear,Night,8,4,1,2004,Robbery
34.722452115261504,-118.63147365627624,18,Male,Black,Clear,Day,8,1,7,2016,Vandalism
34.28077236244086,-118.13564175016036,62,Female,Hispanic,Clear,Night,22,0,3,2021,Theft
34.02431596643145,-118.52679009330845,72,Male,Asian,Cloudy,Night,6,0,10,2007,Vandalism
34.64547229590717,-118.03180657208527,70,Male,Black,Rainy,Night,2,5,8,2000,Burglary
34.17711067940705,-118.81447448429688,38,Female,Black,Rainy,Day,17,4,12,2001,Assault
34.94045858435292,-118.1313768320444,47,Male,White,Rainy,Day,10,2,3,2014,Assault
34.953928577002586,-118.22340314720826,30,Male,White,Rainy,Day,6,2,1,2019,Assault
34.91486439022045,-118.22907815535595,51,Female,White,Clear,Night,8,4,5,2017,Theft
34.370158700255445,-118.15521677188312,21,Male,Black,Clear,Day,0,1,2,2010,Burglary
34.015456616528866,-118.238976009057,45,Male,Asian,Cloudy,Night,13,2,11,2009,Robbery
34.92831856258773,-118.37377967836858,55,Female,White,Rainy,Day,19,5,4,2023,Assault
34.428184148317314,-118.86875512231761,75,Male,Asian,Clear,Day,5,6,1,2023,Burglary
34.96665481904367,-118.96747382050874,48,Female,White,Clear,Day,6,4,9,2003,Vandalism
34.96361997708925,-118.0791521521843,76,Male,Hispanic,Cloudy,Day,9,1,6,2004,Theft
34.85300945546736,-118.38334968547926,72,Male,Hispanic,Cloudy,Night,6,1,8,2003,Burglary
34.29444889206959,-118.20346270902382,44,Female,White,Cloudy,Day,1,3,11,2012,Burglary
34.38509772860193,-118.51847764848745,22,Female,Black,Clear,Day,3,1,4,2012,Robbery
34.851136671516855,-118.8826918110376,42,Male,White,Clear,Night,20,2,9,2017,Burglary
34.31692200515628,-118.87481420779746,20,Female,White,Cloudy,Night,16,6,2,2023,Robbery
34.16949274668609,-118.31443471277103,50,Female,Black,Rainy,Day,0,2,9,2001,Theft
34.55680126245835,-118.56969410510054,21,Male,Hispanic,Cloudy,Day,9,4,12,2015,Theft
34.936154774160784,-118.79947527329966,42,Male,Asian,Cloudy,Night,18,6,5,2000,Vandalism
34.69602979667497,-118.50840545325856,37,Male,White,Cloudy,Night,14,4,6,2018,Robbery
34.57006117008937,-118.93579106292486,51,Female,Black,Cloudy,Night,9,1,3,2008,Robbery
34.09717649377077,-118.4180285980856,43,Female,White,Clear,Day,18,5,4,2002,Assault
34.61500722669917,-118.7310065955649,79,Female,Black,Rainy,Day,11,0,6,2006,Assault
34.99005385010426,-118.20244089936281,79,Female,Asian,Cloudy,Day,23,6,7,2009,Vandalism
34.140084015236525,-118.68963804107642,22,Male,Asian,Rainy,Night,15,3,1,2000,Theft
34.51832965236374,-118.5447798509182,52,Female,Hispanic,Rainy,Night,8,0,7,2009,Assault
34.877373071927956,-118.9883794600919,78,Male,Black,Rainy,Night,14,1,1,2020,Burglary
34.740768617754206,-118.92755311220544,45,Female,Black,Cloudy,Day,16,1,5,2008,Theft
34.69701574099527,-118.60750644359331,46,Male,Hispanic,Clear,Night,13,0,6,2014,Burglary
34.70248408398711,-118.52006116528288,26,Male,Hispanic,Cloudy,Day,17,3,2,2014,Robbery
34.35949115121976,-118.3999794518807,69,Male,Black,Rainy,Night,1,6,10,2002,Theft
34.29359184426449,-118.7083374212907,55,Female,Hispanic,Rainy,Day,3,6,9,2004,Vandalism
34.80936115547851,-118.30501811387346,67,Male,Asian,Clear,Day,17,0,10,2008,Robbery
34.81011339467918,-118.1398776028108,23,Male,White,Cloudy,Night,6,4,6,2021,Robbery
34.86707231858011,-118.22014901110666,36,Female,Asian,Rainy,Day,12,2,7,2008,Burglary
34.91324055255647,-118.96038117465164,77,Male,Hispanic,Clear,Night,14,5,10,2022,Robbery
34.51134239886094,-118.51949305274218,61,Female,Black,Rainy,Day,22,4,8,2006,Assault
34.5015162946872,-118.89506982158183,74,Female,Black,Clear,Night,21,6,11,2023,Theft
34.798295178966775,-118.75795498413747,28,Male,Asian,Clear,Night,0,2,10,2022,Assault
34.649963930777766,-118.01333740673286,19,Male,Black,Cloudy,Day,10,5,1,2011,Burglary
34.7019668772577,-118.85750445709849,64,Female,Hispanic,Rainy,Night,9,5,8,2008,Burglary
34.7957926694361,-118.50111184654864,61,Male,Asian,Cloudy,Day,4,5,4,2005,Theft
34.89000534181756,-118.38184426568188,61,Female,Black,Rainy,Night,15,1,10,2022,Robbery
34.337995156851534,-118.2975350294559,26,Female,White,Cloudy,Night,10,5,8,2001,Vandalism
34.375582952639945,-118.44035131651309,38,Female,White,Rainy,Night,20,3,6,2008,Burglary
34.093981939840866,-118.99022915258081,41,Male,Hispanic,Cloudy,Night,5,0,11,2016,Theft
34.57828014099617,-118.67353869175601,51,Female,Black,Clear,Day,8,6,9,2000,Vandalism
34.03594227379674,-118.48228835661529,39,Male,Hispanic,Rainy,Night,12,3,11,2018,Robbery
34.46559801813246,-118.91213350085516,20,Male,Asian,Rainy,Night,23,0,4,2005,Burglary
34.54264463470758,-118.64937306879082,29,Male,White,Clear,Day,7,4,2,2004,Theft
34.28654125212829,-118.96679689120863,45,Male,Asian,Cloudy,Day,13,4,2,2001,Theft
34.59083326056901,-118.92142150284498,47,Female,Black,Rainy,Day,23,0,5,2008,Theft
34.03050024993905,-118.60307672379841,43,Male,Hispanic,Rainy,Day,0,3,10,2013,Burglary
34.03734818874921,-118.86728424595694,65,Female,Hispanic,Cloudy,Day,16,0,9,2003,Vandalism
34.82260056065966,-118.43245915173844,38,Female,Hispanic,Clear,Day,23,5,12,2003,Theft
34.360190641411265,-118.31053503086274,45,Male,Asian,Cloudy,Night,4,1,3,2020,Robbery
34.12706051265189,-118.19941330089091,73,Female,White,Cloudy,Day,1,6,8,2014,Theft
34.52224326005481,-118.79984975575519,43,Female,Asian,Cloudy,Night,23,4,4,2007,Vandalism
34.76999355309861,-118.83251741774093,79,Male,Asian,Rainy,Day,8,6,6,2003,Burglary
34.215821027496844,-118.8954321596656,50,Female,Black,Clear,Night,3,1,10,2015,Theft
34.622890475819,-118.36356975045636,38,Female,Black,Clear,Night,16,5,6,2020,Theft
34.08534746499377,-118.2935242735131,52,Female,Black,Cloudy,Night,16,5,3,2003,Robbery
34.051681721168606,-118.96841385517436,69,Female,White,Rainy,Day,20,4,5,2015,Robbery
34.53135463156815,-118.06378775375632,51,Male,White,Cloudy,Day,17,4,12,2021,Theft
34.54063512161011,-118.94802871634853,58,Female,Black,Rainy,Day,15,5,3,2011,Theft
34.63742990149821,-118.45870366469893,68,Female,Black,Rainy,Day,7,2,11,2015,Robbery
34.726091333722664,-118.29093948054908,64,Female,White,Rainy,Night,10,6,11,2018,Vandalism
34.975852079462534,-118.12903087625392,35,Female,Hispanic,Rainy,Day,20,1,1,2007,Assault
34.51630034830119,-118.28591306786757,75,Male,White,Clear,Night,20,6,7,2005,Assault
34.32295647294124,-118.19827191693021,28,Female,White,Rainy,Night,17,1,4,2009,Theft
34.795186194768704,-118.66054980745719,74,Male,White,Rainy,Day,22,2,7,2004,Robbery
34.27083225126207,-118.18517488625349,40,Female,Black,Cloudy,Day,23,3,3,2017,Burglary
34.438971420705634,-118.91988515361533,65,Male,Hispanic,Cloudy,Day,9,1,12,2009,Burglary
34.078456381342264,-118.10518334393947,39,Male,White,Clear,Night,12,6,11,2009,Assault
34.02535074341546,-118.45240762384627,34,Male,Black,Cloudy,Day,16,0,5,2006,Vandalism
34.96264841467792,-118.1827022300375,22,Male,Asian,Rainy,Night,17,5,5,2017,Assault
34.835980120512204,-118.5476817154817,61,Male,Asian,Cloudy,Day,9,5,2,2000,Theft
34.695974206093695,-118.35642230480347,28,Female,White,Clear,Night,15,2,11,2006,Vandalism
34.40895294441427,-118.47359733906389,47,Female,Asian,Cloudy,Day,19,1,10,2020,Burglary
34.173294320070845,-118.26841047824468,32,Female,Hispanic,Cloudy,Day,4,3,12,2000,Robbery
34.15643704267109,-118.91837001796941,44,Male,Asian,Clear,Night,12,1,2,2014,Robbery
34.25024289816459,-118.93964791600943,52,Female,Asian,Clear,Day,17,5,4,2003,Theft
34.54922666470612,-118.75289676598986,50,Male,Hispanic,Rainy,Day,16,4,4,2019,Assault
34.71459592270006,-118.84045531988681,37,Male,White,Cloudy,Day,8,0,4,2009,Theft
34.66019737671773,-118.1282164334078,78,Female,White,Rainy,Day,13,2,6,2022,Robbery
34.27993389694594,-118.78078601264195,33,Female,Hispanic,Cloudy,Day,16,4,2,2008,Burglary
34.95486528066319,-118.02413474418087,51,Male,Hispanic,Cloudy,Day,3,6,6,2001,Robbery
34.73789691669577,-118.66310420822889,19,Male,Hispanic,Rainy,Day,17,3,7,2013,Vandalism
34.5543540525114,-118.81788208431131,52,Female,Asian,Cloudy,Night,19,4,11,2015,Robbery
34.611720746234354,-118.21030149285752,57,Female,Hispanic,Cloudy,Night,23,6,10,2000,Robbery
34.41960006242779,-118.34129222449913,73,Female,Black,Cloudy,Day,23,4,3,2001,Vandalism
34.24773098950116,-118.50180428354686,45,Female,Asian,Clear,Day,14,3,11,2006,Assault
34.35597267865126,-118.44463644906237,64,Male,White,Rainy,Day,10,4,12,2009,Robbery
34.75784611046437,-118.28079822172774,56,Female,White,Clear,Night,11,2,8,2021,Theft
34.01439348862976,-118.7715452586687,23,Female,White,Rainy,Night,8,5,2,2019,Robbery
34.116072640506914,-118.00366608394326,26,Female,Asian,Rainy,Day,12,1,11,2000,Theft
34.046002642021755,-118.02520683785322,37,Male,Black,Cloudy,Night,14,4,8,2012,Vandalism
34.040728802318974,-118.34967431365307,77,Male,Hispanic,Rainy,Day,14,2,11,2000,Robbery
34.855460584011006,-118.80045754907086,18,Male,Hispanic,Clear,Day,4,1,5,2004,Vandalism
34.70365785938002,-118.3197717575687,25,Male,White,Clear,Day,22,6,2,2015,Vandalism
34.47417382908733,-118.92780159102082,72,Female,White,Clear,Day,18,1,7,2014,Assault
34.097834160651004,-118.96934749779419,40,Male,Asian,Rainy,Night,19,6,2,2016,Robbery
34.491615875116835,-118.74231711148879,20,Female,Black,Clear,Night,13,4,6,2022,Theft
34.47347177078056,-118.53737704326069,21,Female,Hispanic,Rainy,Day,16,2,10,2015,Theft
34.17320186991002,-118.13172749459162,75,Female,Asian,Clear,Night,17,5,3,2012,Robbery
34.43385164923797,-118.2728309302337,42,Female,Hispanic,Clear,Night,20,4,9,2010,Assault
34.39850473439737,-118.25729347880002,64,Male,White,Rainy,Day,2,6,3,2016,Assault
34.61585009805221,-118.57450666555192,55,Male,Hispanic,Clear,Night,1,3,11,2016,Assault
34.635093650867645,-118.65406500745304,32,Male,Black,Cloudy,Day,0,1,12,2001,Theft
34.045304009772046,-118.6289612370154,38,Female,Black,Rainy,Day,9,4,12,2012,Vandalism
34.37461261462647,-118.01235043626394,52,Female,White,Rainy,Day,18,6,3,2013,Assault
34.62585991571424,-118.95989080858752,74,Female,Black,Rainy,Day,16,1,5,2010,Theft
34.503136258580085,-118.13296850387755,70,Female,Black,Cloudy,Night,11,6,7,2009,Theft
34.85648984118832,-118.4213245914276,70,Female,Asian,Rainy,Day,0,2,8,2002,Vandalism
34.658693631618945,-118.56138458081041,63,Male,Hispanic,Clear,Night,11,0,12,2016,Robbery
34.16293442708143,-118.27474233958486,69,Female,White,Clear,Day,16,4,11,2014,Robbery
34.07056874740043,-118.5133310585753,31,Male,White,Clear,Day,23,5,7,2008,Assault
34.64241927820632,-118.12657676191834,53,Female,White,Rainy,Night,2,4,9,2009,Assault
34.02651131054162,-118.09929813598875,29,Female,White,Clear,Day,10,1,5,2007,Vandalism
34.58577558127347,-118.57827907312654,34,Male,White,Rainy,Night,16,2,10,2020,Assault
34.940230241424956,-118.72317220276494,56,Male,Black,Clear,Night,22,6,11,2012,Vandalism
34.575474177875876,-118.40764967140663,26,Female,Asian,Cloudy,Day,2,3,3,2017,Theft
34.38816992620652,-118.0876366543833,52,Female,White,Cloudy,Day,7,5,6,2004,Assault
34.64328821844235,-118.78933781099434,77,Female,Asian,Cloudy,Day,19,2,5,2005,Theft
34.458252890491515,-118.37703341643652,30,Female,Asian,Cloudy,Day,3,4,12,2016,Burglary
34.545616789315936,-118.36843977990748,32,Male,Black,Rainy,Day,20,3,4,2010,Vandalism
34.94146480877652,-118.26688697758472,35,Female,White,Clear,Day,21,2,12,2019,Burglary
34.386102637800775,-118.86843231487273,68,Male,Black,Cloudy,Night,6,0,2,2015,Assault
34.96119056382391,-118.28417503531792,50,Female,White,Rainy,Night,13,5,7,2008,Theft
34.90535064195606,-118.09096747933435,23,Male,Black,Cloudy,Day,13,1,5,2001,Assault
34.195791134789296,-118.82031689112976,76,Male,Asian,Cloudy,Night,3,2,4,2004,Burglary
34.069361300875165,-118.76245667507612,44,Female,White,Rainy,Night,15,2,12,2000,Assault
34.10077800137743,-118.02860490595836,40,Male,Hispanic,Rainy,Day,23,0,8,2003,Robbery
34.01822182565155,-118.81902304729051,76,Female,Asian,Clear,Day,21,4,9,2003,Burglary
34.09444296075593,-118.14561490663043,44,Male,Hispanic,Clear,Night,0,6,9,2021,Assault
34.68300677341636,-118.50772214355196,51,Female,Asian,Cloudy,Day,16,6,3,2002,Theft
34.07118864846023,-118.75276892559683,73,Male,Black,Cloudy,Night,9,5,3,2008,Assault
34.318975630293764,-118.12925009872748,63,Female,White,Clear,Day,21,5,5,2021,Theft
34.84487531096946,-118.55469474499733,55,Female,Asian,Clear,Night,15,1,5,2022,Robbery
34.02327193573583,-118.48518264607031,31,Male,Black,Rainy,Night,15,2,10,2011,Assault
34.814468482588936,-118.64076663060024,53,Male,White,Clear,Night,7,3,2,2009,Robbery
34.2818547747734,-118.40704914856508,70,Male,White,Clear,Night,6,2,1,2001,Burglary
34.118164827621655,-118.83647612741498,25,Male,Asian,Cloudy,Day,5,6,8,2010,Theft
34.69673716536415,-118.60891846334825,79,Female,White,Clear,Day,15,1,3,2009,Burglary
34.628942846779886,-118.03058767766471,52,Male,Asian,Cloudy,Night,19,2,1,2021,Theft
34.877472013527054,-118.74186656729887,36,Female,White,Clear,Night,15,0,1,2005,Robbery
34.735071043803885,-118.3432633354587,47,Male,Hispanic,Rainy,Day,6,6,11,2017,Vandalism
34.80348093038485,-118.6748099357753,31,Female,Black,Clear,Day,8,2,2,2001,Assault
34.282034572571305,-118.2265268743134,76,Female,Hispanic,Clear,Night,13,2,6,2001,Robbery
34.17743954377972,-118.86912633928165,37,Female,Asian,Clear,Night,10,6,6,2009,Theft
34.75061475164086,-118.03017895492145,66,Female,Hispanic,Cloudy,Night,13,3,3,2015,Theft
34.806834739267266,-118.54621045861636,42,Male,Asian,Rainy,Night,6,6,12,2011,Theft
34.99050514200067,-118.76394953665354,57,Male,White,Clear,Night,0,0,4,2000,Theft
34.412617676911424,-118.92650325266999,41,Female,White,Cloudy,Day,12,0,12,2020,Assault
34.37201808579278,-118.83024209491246,31,Male,Asian,Rainy,Night,19,2,2,2007,Burglary
34.776412960742,-118.48022605144398,43,Male,Hispanic,Cloudy,Day,2,5,2,2015,Vandalism
34.34080354025302,-118.66299682356872,55,Female,White,Cloudy,Day,19,3,7,2017,Assault
34.930757325603565,-118.1711166341174,40,Male,Black,Rainy,Day,3,2,1,2012,Theft
34.85841275184301,-118.56911247633819,39,Male,White,Clear,Night,10,6,7,2014,Assault
34.42899402737502,-118.75128572741237,65,Male,Black,Cloudy,Day,1,2,12,2020,Robbery
34.7508710677915,-118.38285501339597,74,Female,Hispanic,Cloudy,Day,13,1,12,2011,Theft
34.754542874084684,-118.29322278311456,36,Male,Black,Clear,Day,11,1,1,2007,Vandalism
34.10312386883593,-118.83295809209905,63,Female,Black,Clear,Day,16,5,6,2009,Theft
34.90255290667957,-118.83238078371168,68,Male,Black,Rainy,Night,11,3,3,2013,Vandalism
34.505252372447856,-118.96332857306646,20,Male,Black,Rainy,Night,11,4,8,2004,Vandalism
34.82645746610774,-118.26359798493436,59,Male,White,Rainy,Day,0,1,6,2017,Burglary
34.32004960103061,-118.3361954723782,36,Female,Black,Clear,Day,12,4,11,2018,Burglary
34.8955232284962,-118.52536912425019,26,Female,White,Cloudy,Night,13,0,2,2014,Assault
34.38920167873416,-118.1558295510308,45,Male,Black,Cloudy,Night,23,1,8,2005,Assault
34.0108376514803,-118.19432984704994,37,Female,Asian,Rainy,Night,1,1,5,2010,Vandalism
34.905381976419264,-118.41464563560325,62,Male,Hispanic,Clear,Day,11,3,8,2020,Theft
34.09128667678613,-118.13172871948674,24,Female,Black,Cloudy,Night,20,5,8,2010,Robbery
34.31931363759041,-118.79415878996323,31,Female,Asian,Rainy,Day,15,4,6,2019,Robbery
34.95006196705081,-118.88808038060228,26,Male,Black,Cloudy,Day,3,6,2,2019,Theft
34.95060714693756,-118.73025038848301,76,Male,Black,Cloudy,Night,7,1,8,2020,Theft
34.57343788812329,-118.94291314391069,77,Male,Black,Clear,Day,1,1,11,2017,Burglary
34.6318372121698,-118.46883047199897,72,Male,Asian,Clear,Night,9,3,6,2017,Robbery
34.44844552197832,-118.06339430770504,74,Female,Hispanic,Cloudy,Day,8,3,6,2009,Vandalism
34.293210771698064,-118.96065645933149,77,Female,Asian,Rainy,Night,22,5,8,2001,Assault
34.32866454536992,-118.87789008598997,36,Female,Hispanic,Clear,Day,14,4,1,2008,Burglary
34.672518456077036,-118.54780097171657,64,Male,Black,Cloudy,Day,12,0,2,2013,Robbery
34.75237452943768,-118.06612498247209,69,Male,White,Clear,Night,22,6,12,2018,Theft
34.79157904372585,-118.68384389502324,31,Female,Black,Clear,Night,16,5,12,2009,Robbery
34.78961814279455,-118.4927651913116,73,Male,Hispanic,Clear,Night,15,0,9,2022,Vandalism
34.09120610304869,-118.95842714094961,55,Female,Asian,Cloudy,Night,1,2,11,2003,Burglary
34.49442030470258,-118.85165679903791,70,Female,Black,Rainy,Day,19,1,12,2005,Theft
34.05755876001665,-118.01336987704116,78,Female,Asian,Rainy,Night,19,4,8,2013,Vandalism
34.549528882323735,-118.03488130356395,53,Female,Asian,Rainy,Night,13,5,12,2003,Assault
34.44153050137338,-118.99506001906559,57,Female,Asian,Clear,Day,2,1,7,2014,Burglary
34.8877041827583,-118.04818821457675,34,Male,Black,Cloudy,Night,22,4,7,2015,Vandalism
34.35091501255208,-118.3608800621845,47,Male,Asian,Clear,Night,11,4,5,2006,Vandalism
34.117067016427605,-118.13208170547998,26,Male,Asian,Rainy,Day,7,4,2,2016,Theft
34.14299168205284,-118.54526014436614,50,Female,Black,Rainy,Night,1,1,11,2018,Assault
34.76151063171747,-118.48440397142075,73,Female,Asian,Cloudy,Night,3,5,6,2018,Vandalism
34.61821806331626,-118.51115341974308,69,Female,Black,Clear,Night,13,6,10,2016,Burglary
34.10112267612279,-118.33313574245389,42,Female,Hispanic,Rainy,Night,15,3,3,2005,Vandalism
34.084106806114995,-118.86034874524368,31,Male,Hispanic,Cloudy,Night,18,1,4,2010,Robbery
34.70096913145912,-118.97002641012732,28,Male,Hispanic,Clear,Night,1,4,10,2015,Burglary
34.07276300636419,-118.6920700584088,70,Female,Asian,Clear,Day,11,5,12,2007,Burglary
34.82186005929036,-118.29531923726336,52,Female,White,Rainy,Night,13,6,11,2010,Vandalism
34.706242227156494,-118.79814654787705,58,Female,White,Rainy,Day,5,2,2,2006,Theft
34.0813487806419,-118.32656756667508,76,Male,Asian,Clear,Day,12,0,2,2023,Burglary
34.08483771408519,-118.03008795389273,31,Male,White,Clear,Day,3,4,12,2021,Robbery
34.986639578501176,-118.90609928421058,47,Male,Black,Rainy,Day,21,2,8,2018,Theft
34.37427079575612,-118.32739788177487,58,Female,White,Clear,Night,17,3,8,2009,Theft
34.37064214706689,-118.55624978069542,21,Female,Asian,Rainy,Night,11,6,10,2008,Theft
34.8127995672575,-118.1318577456225,76,Male,Asian,Clear,Night,19,6,6,2003,Burglary
34.94724857738386,-118.82285021055262,21,Female,Black,Rainy,Day,21,4,5,2022,Theft
34.98600106382287,-118.30737404777383,45,Male,Hispanic,Cloudy,Night,20,6,8,2014,Vandalism
34.75337818525894,-118.16188471035188,25,Female,Asian,Rainy,Night,18,2,4,2012,Theft
34.37625958553092,-118.05538578052598,19,Male,Black,Rainy,Night,7,4,11,2001,Robbery
34.083500716698666,-118.31675197171036,58,Female,White,Cloudy,Day,6,1,4,2001,Assault
34.77714691592744,-118.50282523599158,78,Male,White,Clear,Day,15,5,5,2015,Robbery
34.55840424973581,-118.38215275979879,63,Male,Black,Cloudy,Night,18,2,1,2008,Burglary
34.424222009246975,-118.13109501552128,39,Male,Black,Rainy,Day,5,5,1,2012,Theft
34.90635438509474,-118.42939025336118,58,Male,Asian,Clear,Day,19,1,2,2002,Theft
34.11119748230615,-118.96961294030316,73,Male,White,Cloudy,Night,20,1,8,2008,Vandalism
34.49262510429086,-118.06905130449302,72,Male,Black,Clear,Day,10,5,7,2012,Theft
34.01135364476742,-118.31047324896844,33,Female,White,Clear,Day,4,2,10,2020,Robbery
34.46866064199413,-118.32348661422276,46,Female,Black,Cloudy,Night,15,5,9,2021,Burglary
34.056303275681834,-118.78432484760228,79,Female,White,Clear,Day,6,5,5,2001,Assault
34.11881791626807,-118.34111452976734,66,Male,Hispanic,Cloudy,Day,4,0,2,2007,Theft
34.1175262467771,-118.60613559434584,65,Male,Asian,Rainy,Day,10,2,7,2008,Assault
34.64921030211606,-118.34876702295851,47,Female,White,Clear,Day,14,0,8,2015,Theft
34.746044879265426,-118.89340696969201,29,Male,Hispanic,Rainy,Day,2,4,12,2001,Burglary
34.58336876509716,-118.34215469539697,52,Male,White,Rainy,Day,4,6,7,2005,Robbery
34.96217254847454,-118.00058627422933,28,Male,White,Clear,Day,22,5,7,2021,Burglary
34.3748705795237,-118.95178796113944,63,Male,Hispanic,Cloudy,Day,20,4,12,2007,Assault
34.28571208628186,-118.02282581577869,67,Male,White,Clear,Night,4,2,5,2004,Theft
34.86859912818946,-118.59309203927712,38,Female,White,Rainy,Night,8,5,2,2008,Assault
34.22359583851945,-118.12924654966274,38,Female,Asian,Rainy,Night,14,6,6,2000,Robbery
34.96322253944061,-118.21761451594173,22,Female,Hispanic,Cloudy,Night,2,4,4,2008,Burglary
34.012154474689815,-118.43298373901334,65,Female,Hispanic,Clear,Day,5,3,10,2009,Assault
34.96987882670764,-118.26155079074867,37,Female,Black,Rainy,Night,16,1,2,2022,Assault
34.043159911950575,-118.12148443869866,54,Male,White,Rainy,Night,20,5,12,2003,Robbery
34.89114311369807,-118.59585967834897,20,Male,Asian,Rainy,Day,7,6,9,2002,Theft
34.5277011090863,-118.67296683843676,61,Male,White,Cloudy,Day,20,1,7,2009,Assault
34.9929647961193,-118.33240661443642,50,Male,White,Rainy,Day,10,0,6,2014,Robbery
34.073796564735396,-118.19215405805875,70,Female,Black,Rainy,Day,5,4,12,2010,Theft
34.55385428440132,-118.23771486522338,78,Female,White,Clear,Day,7,0,5,2013,Theft
34.9693025356191,-118.20218635114136,26,Female,Asian,Clear,Night,9,6,3,2005,Burglary
34.52309784417015,-118.56441668518707,78,Male,Asian,Rainy,Day,23,5,12,2011,Robbery
34.629398638135264,-118.18216578382498,26,Female,Black,Rainy,Night,2,1,10,2012,Theft
34.695748688984615,-118.87979094462939,21,Male,White,Clear,Night,22,1,10,2016,Burglary
34.454541064767774,-118.45551090203915,52,Female,Asian,Cloudy,Day,13,4,4,2015,Vandalism
34.627558080084064,-118.99424133950188,34,Female,White,Cloudy,Night,22,5,3,2002,Robbery
34.5843143119231,-118.67541417009973,51,Male,White,Cloudy,Night,13,3,12,2001,Vandalism
34.90115801049099,-118.63353846512861,41,Male,White,Cloudy,Day,9,3,11,2010,Theft
34.04544638034146,-118.60382730839075,49,Female,Black,Cloudy,Night,11,4,8,2008,Robbery
34.28096318959223,-118.30453279331014,18,Female,White,Cloudy,Night,5,5,3,2002,Burglary
34.95041148407656,-118.61144189872965,25,Male,Asian,Cloudy,Night,11,4,7,2017,Theft
34.890263783890916,-118.55130637737747,62,Female,White,Cloudy,Day,22,5,7,2019,Robbery
34.455656752785714,-118.76245586912567,40,Female,Asian,Clear,Day,13,6,7,2014,Robbery
34.620132597801536,-118.62674820837066,64,Male,White,Cloudy,Day,1,6,7,2013,Vandalism
34.27738118298113,-118.77273037273685,57,Female,Asian,Cloudy,Night,8,0,2,2001,Theft
34.188121159723764,-118.92680407623156,29,Male,Asian,Cloudy,Day,9,4,10,2016,Burglary
34.46369840493998,-118.39655140661863,71,Female,White,Rainy,Night,16,5,3,2021,Burglary
34.353352228026054,-118.33178720144498,29,Male,White,Clear,Day,16,3,10,2007,Theft
34.58365611185087,-118.38050965399039,63,Female,Asian,Clear,Night,2,5,9,2009,Theft
34.07773463696498,-118.53650595619943,64,Male,Hispanic,Clear,Day,18,6,3,2017,Assault
34.974394807666165,-118.62021421982077,32,Female,Black,Cloudy,Day,0,5,2,2018,Vandalism
34.9862107444796,-118.13666635042817,58,Male,Hispanic,Cloudy,Night,11,4,9,2007,Theft
34.69816171401975,-118.48091821486378,36,Female,Hispanic,Rainy,Day,6,0,10,2007,Theft
34.53609636634412,-118.52081812237027,43,Female,White,Clear,Night,3,0,9,2002,Assault
34.309527616286324,-118.97435793419356,69,Female,Black,Cloudy,Day,9,0,4,2002,Assault
34.81379501970695,-118.65875217237384,46,Female,Hispanic,Clear,Day,12,0,12,2011,Robbery
34.68473117255388,-118.61980438121414,39,Female,White,Rainy,Night,1,6,9,2021,Burglary
34.16261693934489,-118.60117721910309,57,Female,Hispanic,Rainy,Night,9,2,3,2016,Vandalism
34.91092718449384,-118.41982763077267,38,Female,Hispanic,Rainy,Night,20,4,7,2003,Robbery
34.82253724292317,-118.46639745327312,68,Female,White,Clear,Day,21,1,7,2016,Theft
34.949799913291926,-118.39209490720656,55,Female,White,Cloudy,Night,3,4,11,2013,Assault
34.72571950838836,-118.23511673845788,37,Male,White,Cloudy,Day,17,2,8,2018,Burglary
34.61341519593579,-118.1870142612839,74,Male,Black,Rainy,Night,4,0,10,2008,Robbery
34.41824303629062,-118.28187692377351,46,Female,Hispanic,Cloudy,Night,18,2,4,2020,Burglary
34.93272848335401,-118.04447630404506,68,Male,White,Rainy,Night,1,3,3,2011,Assault
34.86606388950041,-118.98176741732364,21,Female,Asian,Clear,Night,11,3,3,2004,Robbery
34.04521867010619,-118.80422201431645,72,Female,Hispanic,Rainy,Night,16,6,12,2010,Robbery
34.02636697449725,-118.99243712502185,24,Male,Asian,Clear,Night,9,4,5,2019,Burglary
34.37646336687805,-118.3525252858454,45,Female,Black,Rainy,Day,1,4,11,2002,Assault
34.810553330781836,-118.10196945105001,45,Female,White,Cloudy,Night,5,1,1,2020,Theft
34.98727612931494,-118.7565177034237,21,Male,Asian,Cloudy,Day,7,6,10,2014,Robbery
34.150416891103525,-118.0729654552037,39,Male,Black,Rainy,Night,18,1,3,2013,Theft
34.59413071535214,-118.93973260971043,29,Female,White,Cloudy,Night,10,3,6,2010,Assault
34.38089085663102,-118.06556397319449,62,Male,Asian,Cloudy,Night,11,0,3,2019,Robbery
34.969914397814605,-118.64837731276036,20,Male,Asian,Cloudy,Day,8,2,5,2007,Robbery
34.84211892313571,-118.89857917155078,39,Female,Black,Clear,Day,1,1,9,2003,Theft
34.83832870471114,-118.51412824081368,61,Male,White,Cloudy,Night,7,5,2,2011,Vandalism
34.468693159794974,-118.74322343227949,19,Male,White,Clear,Day,10,1,11,2007,Theft
34.414819502337664,-118.71512709803808,41,Female,Asian,Rainy,Night,20,0,2,2005,Theft
34.273407071930706,-118.69271003507372,51,Male,Asian,Cloudy,Night,3,0,12,2014,Vandalism
34.05637549665093,-118.19697410216733,44,Male,Asian,Cloudy,Day,9,4,6,2011,Assault
34.86472237625505,-118.46083872332474,72,Female,White,Cloudy,Day,20,2,6,2015,Assault
34.81290100913008,-118.688692300844,58,Female,Black,Rainy,Day,19,0,11,2015,Robbery
34.99971767328613,-118.38966621668908,18,Female,Black,Clear,Day,15,6,11,2020,Burglary
34.99663683707391,-118.2838493257768,25,Male,White,Clear,Night,7,1,8,2019,Burglary
34.55543170560263,-118.72737599926647,40,Female,Hispanic,Cloudy,Day,3,1,12,2019,Robbery
34.76898741518051,-118.58645089847465,55,Female,Black,Rainy,Day,9,3,11,2003,Burglary
34.94476572988243,-118.87811390666305,23,Male,Asian,Rainy,Night,11,0,2,2010,Theft
34.84964739067741,-118.81885065046532,39,Female,Hispanic,Rainy,Day,13,5,9,2012,Theft
34.2473481017432,-118.31888214603502,42,Female,Hispanic,Rainy,Day,15,4,2,2008,Vandalism
34.450544135310096,-118.81856165230437,35,Female,Black,Rainy,Day,21,2,1,2003,Vandalism
34.12915941515149,-118.47483661633294,34,Female,Hispanic,Clear,Day,17,5,10,2011,Robbery
34.95405102725872,-118.29095373827757,78,Male,Hispanic,Clear,Night,20,4,2,2008,Robbery
34.60617463445088,-118.89312307690525,29,Female,Black,Clear,Night,21,1,12,2012,Robbery
34.22864280550346,-118.4326877803711,23,Female,Black,Cloudy,Day,20,5,7,2015,Theft
34.671700684405856,-118.74343721629863,43,Male,Hispanic,Rainy,Day,11,4,8,2005,Burglary
34.61812824045789,-118.03707312476241,44,Female,Asian,Cloudy,Night,17,1,5,2009,Robbery
34.358162718032844,-118.51645435328008,25,Male,White,Rainy,Day,6,1,6,2012,Robbery
34.113557592199626,-118.19400745022485,36,Male,Hispanic,Clear,Day,19,1,12,2006,Theft
34.6715731955928,-118.44977345784373,77,Male,Hispanic,Cloudy,Day,23,1,1,2018,Theft
34.52030770090379,-118.95658746714518,59,Female,Asian,Clear,Day,22,6,6,2023,Theft
34.77231839173564,-118.36684862440597,18,Male,Hispanic,Rainy,Day,6,1,12,2018,Burglary
34.520163501111995,-118.04859665779334,74,Male,Hispanic,Rainy,Day,8,3,8,2016,Robbery
34.85218150031854,-118.39838817985367,46,Male,White,Rainy,Day,0,5,3,2012,Assault
34.551906838774485,-118.18081114057321,62,Female,White,Clear,Day,5,4,11,2012,Assault
34.56093797153539,-118.1157935366516,66,Female,White,Rainy,Day,5,3,1,2020,Robbery
34.876653602658344,-118.77192022805107,52,Female,Black,Clear,Night,21,6,11,2001,Robbery
34.4034828662124,-118.78795516009177,57,Female,Black,Cloudy,Night,11,3,4,2009,Robbery
34.13401522845064,-118.389019011149,31,Female,White,Rainy,Night,21,0,1,2021,Robbery
34.02878267631334,-118.58897153019329,52,Female,White,Rainy,Day,11,0,8,2012,Burglary
34.75513725567362,-118.16013869713328,65,Female,Black,Rainy,Day,9,0,5,2008,Assault
34.620309551353465,-118.09997687660199,62,Male,Asian,Cloudy,Night,22,2,1,2000,Vandalism
34.70407976809923,-118.64657862069728,37,Male,Hispanic,Rainy,Day,5,0,8,2013,Assault
34.212964161508914,-118.76312944102551,73,Male,Hispanic,Clear,Night,16,4,9,2015,Assault
34.13637147558677,-118.21947448475613,66,Male,White,Clear,Day,18,3,10,2019,Theft
34.014544665667884,-118.72519396445186,30,Female,Asian,Rainy,Night,17,4,2,2014,Robbery
34.350587558806595,-118.17738568148633,78,Male,Black,Rainy,Night,5,5,9,2000,Robbery
34.58991768685463,-118.57626174635124,55,Male,White,Cloudy,Night,23,0,8,2016,Robbery
34.39224404509973,-118.33245010070853,66,Male,Asian,Cloudy,Day,18,6,7,2023,Theft
34.43747492202373,-118.90446468616533,63,Male,Asian,Cloudy,Night,9,2,3,2012,Burglary
34.904158694493745,-118.37614067532343,66,Female,Asian,Rainy,Day,23,5,2,2014,Burglary
34.3482554670233,-118.54823232126277,79,Female,Black,Cloudy,Day,7,6,7,2015,Vandalism
34.51398948915981,-118.41339153682452,25,Female,Black,Cloudy,Day,20,2,5,2015,Burglary
34.78365301274114,-118.83198579225514,60,Male,Hispanic,Clear,Day,23,5,6,2001,Burglary
34.39654278232127,-118.26312625505582,37,Female,Hispanic,Cloudy,Day,5,3,4,2016,Robbery
34.622086700227875,-118.13720292245677,77,Male,Asian,Clear,Day,20,4,2,2010,Assault
34.86236370874675,-118.78326019990922,50,Female,Asian,Clear,Day,6,1,9,2007,Burglary
34.94952062365764,-118.90428544447984,43,Female,Black,Cloudy,Night,23,4,3,2019,Burglary
34.14707348092904,-118.97636141395367,56,Female,Hispanic,Clear,Night,0,0,12,2002,Theft
34.926587625161496,-118.35802849955674,38,Female,Asian,Rainy,Night,17,6,7,2011,Vandalism
34.49211629307954,-118.39290596391122,70,Female,Hispanic,Rainy,Day,23,1,8,2019,Theft
34.258244388298955,-118.45330258728593,66,Male,Hispanic,Cloudy,Day,19,2,2,2015,Robbery
34.45913575623826,-118.76805290388403,79,Female,Asian,Rainy,Day,11,3,6,2013,Assault
34.98003257528548,-118.60909400409449,59,Male,Black,Clear,Day,15,3,11,2015,Vandalism
34.49261809399287,-118.40552366481383,60,Male,Asian,Rainy,Night,9,2,8,2020,Theft
34.32875161028751,-118.50323314114083,71,Male,Asian,Cloudy,Day,9,0,7,2016,Burglary
34.633400854316726,-118.01221447978511,79,Male,Hispanic,Cloudy,Night,13,2,11,2010,Burglary
34.24014561877819,-118.86356024744326,58,Male,Asian,Clear,Day,19,5,3,2016,Vandalism
34.07586332810867,-118.30485544595241,26,Female,Black,Cloudy,Night,9,6,1,2018,Burglary
34.12887972191065,-118.59568123189571,41,Female,Asian,Rainy,Day,9,6,6,2021,Theft
34.128045838957775,-118.57180038507438,54,Female,Black,Cloudy,Night,10,0,8,2000,Theft
34.15190269351229,-118.28240223434183,66,Female,Black,Clear,Day,22,1,6,2011,Burglary
34.13882717264941,-118.30756384867563,58,Male,Hispanic,Cloudy,Night,1,2,5,2014,Burglary
34.64087474480321,-118.00874400629782,34,Female,White,Rainy,Day,19,0,11,2017,Robbery
34.18188008439915,-118.87160571054588,41,Female,White,Clear,Night,7,6,12,2022,Assault
34.34566728332386,-118.89589035061583,38,Male,Hispanic,Rainy,Night,22,1,8,2013,Vandalism
34.89678840990601,-118.27566118287126,68,Male,Asian,Clear,Day,6,2,2,2000,Theft
34.47396164026287,-118.42161308299359,76,Female,Hispanic,Cloudy,Night,7,3,12,2012,Vandalism
34.667557738521026,-118.72583933344019,56,Female,Black,Clear,Day,0,2,1,2014,Robbery
34.17231987120163,-118.920580631011,72,Male,White,Clear,Day,20,4,1,2006,Theft
34.19228901880867,-118.91434175040357,58,Female,Hispanic,Cloudy,Day,1,2,4,2014,Robbery
34.04086861626648,-118.10580912533588,56,Female,Asian,Rainy,Night,17,4,6,2019,Robbery
34.16893506307216,-118.80813267528126,30,Female,Hispanic,Cloudy,Night,14,1,9,2009,Burglary
34.27859033903196,-118.67662843788447,28,Female,White,Clear,Day,0,2,1,2013,Vandalism
34.17701048427675,-118.773343597773,63,Male,Hispanic,Cloudy,Day,4,1,12,2005,Vandalism
34.08870253375706,-118.64500369416807,36,Male,Hispanic,Clear,Night,1,1,1,2013,Burglary
34.1206358711006,-118.93057615725391,28,Male,White,Cloudy,Night,19,6,5,2023,Vandalism
34.460778768032725,-118.48094020909173,30,Female,Black,Cloudy,Night,2,0,10,2021,Burglary
34.206333718405794,-118.93238743640778,63,Female,Black,Rainy,Day,18,1,5,2011,Theft
34.36426986104807,-118.19964349217764,62,Female,White,Clear,Day,17,1,5,2010,Robbery
34.503417270854854,-118.76628791808956,18,Female,Hispanic,Rainy,Day,21,6,10,2019,Robbery
34.690394828629366,-118.4599880853955,57,Female,White,Clear,Day,17,6,6,2021,Vandalism
34.0393121398411,-118.11992091243854,61,Male,Black,Cloudy,Day,13,2,8,2023,Assault
34.799410398909046,-118.3491226309528,36,Female,Asian,Clear,Night,23,6,3,2018,Robbery
34.62790038949091,-118.46704221344866,29,Female,Hispanic,Rainy,Day,7,2,9,2001,Burglary
34.08175903194887,-118.67566624688462,25,Male,Black,Rainy,Night,11,3,1,2021,Assault
34.87357862410678,-118.6669980869418,25,Female,Hispanic,Rainy,Night,20,6,4,2019,Assault
34.92087240053181,-118.3305130448018,78,Male,White,Clear,Day,9,0,9,2000,Robbery
34.06107795985486,-118.00586063877883,70,Male,Asian,Rainy,Night,22,1,8,2007,Robbery
34.276877648147206,-118.33816081015063,62,Male,White,Rainy,Day,19,0,10,2013,Robbery
34.80620127979306,-118.44221658262998,29,Male,Asian,Rainy,Night,16,4,9,2008,Burglary
34.748259690383655,-118.26934948976076,78,Male,Hispanic,Cloudy,Day,10,6,1,2001,Assault
34.184521019356374,-118.53479438771627,65,Female,Hispanic,Cloudy,Day,1,1,9,2022,Vandalism
34.20934932333671,-118.93985765739922,50,Male,White,Clear,Night,3,0,3,2004,Burglary
34.37047210279138,-118.43770318412209,62,Male,Asian,Clear,Day,0,6,11,2022,Theft
34.48452298519102,-118.04237471549462,43,Female,Asian,Rainy,Night,14,6,12,2007,Robbery
34.618254771530296,-118.82469705764234,56,Female,Hispanic,Cloudy,Day,12,3,10,2015,Assault
34.368913639569776,-118.30999510917934,45,Male,White,Rainy,Day,7,3,9,2021,Burglary
34.46253471613315,-118.79906631134094,75,Female,Asian,Rainy,Day,3,1,1,2015,Theft
34.74747093813376,-118.46417231552692,22,Female,Hispanic,Cloudy,Night,9,4,1,2012,Burglary
34.0366832028906,-118.90332355035328,25,Male,Black,Cloudy,Night,18,3,9,2019,Burglary
34.25243694434402,-118.54962906374182,42,Male,White,Cloudy,Day,17,3,11,2014,Vandalism
34.71334958588455,-118.24383667110476,44,Female,Black,Clear,Night,4,4,6,2000,Vandalism
34.8952068376872,-118.65242847576101,63,Male,White,Clear,Day,18,0,4,2021,Burglary
34.51167744211567,-118.33508827551279,40,Male,Hispanic,Rainy,Night,22,3,7,2002,Theft
34.53211348526531,-118.20455003921028,47,Female,Asian,Clear,Night,21,2,5,2005,Assault
34.10717201133978,-118.07282218052055,62,Male,Asian,Cloudy,Day,15,5,10,2021,Assault
34.44741236682346,-118.76535791814455,64,Male,Asian,Cloudy,Day,0,5,7,2013,Robbery
34.53261726645502,-118.60068408419069,40,Male,White,Clear,Day,11,3,8,2003,Robbery
34.24247050363473,-118.84758398666958,66,Male,Hispanic,Rainy,Day,23,0,8,2017,Assault
34.26924323094938,-118.00751649784162,64,Male,Black,Rainy,Day,1,6,1,2014,Burglary
34.37728416310462,-118.0729990320757,37,Female,Hispanic,Clear,Night,20,0,8,2008,Burglary
34.020071197777725,-118.46004286971944,35,Female,Black,Rainy,Night,7,1,6,2017,Vandalism
34.322079165583176,-118.15796670562358,35,Male,White,Rainy,Day,17,2,4,2002,Vandalism
34.21144800699655,-118.47904202272795,19,Female,White,Rainy,Day,15,0,12,2009,Robbery
34.327497352177915,-118.37641431199724,21,Male,Black,Cloudy,Day,4,4,8,2016,Assault
34.11976213181925,-118.91087556788398,47,Male,Black,Cloudy,Night,21,2,3,2006,Burglary
34.890527280739896,-118.24472957950319,50,Male,Black,Clear,Day,12,5,4,2014,Assault
34.59359245355405,-118.87228651636477,53,Male,Hispanic,Cloudy,Day,18,2,6,2000,Theft
34.67910231914449,-118.17393236974748,35,Male,Black,Rainy,Night,2,4,11,2010,Assault
34.78917123860734,-118.21797191232962,54,Female,White,Cloudy,Night,7,3,7,2016,Theft
34.498442198929055,-118.29125530225703,36,Female,White,Clear,Night,11,4,4,2004,Vandalism
34.08692028808743,-118.96383961947524,64,Male,Asian,Cloudy,Night,1,4,4,2006,Vandalism
34.537106541818545,-118.69687164405467,45,Female,Black,Rainy,Day,10,3,7,2018,Robbery
34.58684111802088,-118.73688743008915,57,Male,Hispanic,Rainy,Night,11,3,6,2023,Assault
34.74543947418433,-118.63986359252849,37,Female,Hispanic,Clear,Night,17,3,11,2014,Assault
34.43165954622968,-118.91235725323617,66,Male,Hispanic,Cloudy,Day,12,3,8,2002,Theft
34.127580302795565,-118.06304217696893,50,Female,Asian,Cloudy,Day,4,3,1,2014,Vandalism
34.28377590579873,-118.44619775928763,29,Male,White,Cloudy,Day,21,4,10,2004,Theft
34.36308229639864,-118.69447568934197,75,Male,Hispanic,Rainy,Night,11,1,11,2022,Vandalism
34.6459172413316,-118.60301848292572,68,Female,White,Clear,Day,1,1,7,2011,Theft
34.57077830466891,-118.55279745949517,32,Female,Asian,Cloudy,Night,4,0,12,2019,Vandalism
34.35609672589785,-118.39940566663938,58,Male,Black,Rainy,Night,6,1,7,2004,Theft
34.986515248792976,-118.4843205723035,56,Female,Black,Rainy,Night,23,5,11,2002,Vandalism
34.60577481935689,-118.08060802678558,19,Male,Black,Rainy,Day,11,1,7,2008,Theft
34.23722679173599,-118.50303651709417,46,Female,Hispanic,Cloudy,Night,15,4,7,2008,Assault
34.10178247262041,-118.00784198517668,58,Female,Black,Cloudy,Day,22,3,10,2006,Robbery
34.15285913918433,-118.1485750422549,27,Male,Hispanic,Cloudy,Day,7,3,10,2001,Theft
34.24595772838451,-118.79148948564267,19,Female,Asian,Cloudy,Day,8,6,8,2022,Robbery
34.16068137325956,-118.06940478535608,68,Female,Asian,Cloudy,Night,14,6,9,2022,Assault
34.18656702405131,-118.88363360211453,28,Male,Hispanic,Cloudy,Night,4,6,9,2020,Assault
34.28509516869385,-118.1825502915088,30,Female,White,Cloudy,Night,12,4,2,2015,Vandalism
34.173373595294755,-118.61937670652343,27,Male,Black,Cloudy,Day,4,5,7,2008,Robbery
34.89676542462642,-118.12202567955494,31,Male,Black,Cloudy,Night,10,1,7,2012,Burglary
34.080233745661644,-118.13194330989255,35,Male,Black,Rainy,Night,9,4,4,2018,Vandalism
34.52451138957026,-118.19407459988238,68,Male,Hispanic,Cloudy,Night,19,0,9,2019,Robbery
34.41039682698966,-118.20996956369294,71,Male,Asian,Clear,Night,12,3,8,2016,Theft
34.982378616908605,-118.69532086090196,26,Female,Black,Rainy,Night,8,6,12,2005,Theft
34.11203890216805,-118.91908071694874,74,Male,Asian,Cloudy,Day,20,2,1,2003,Assault
34.39785559904574,-118.59701982123484,56,Male,Black,Clear,Day,13,0,2,2000,Burglary
34.96947043327537,-118.82647548501349,45,Female,Black,Cloudy,Day,17,6,2,2017,Theft
34.86550712589398,-118.30504891109754,20,Female,Hispanic,Clear,Day,14,5,12,2018,Robbery
34.81707207094928,-118.65390027346221,37,Female,White,Clear,Night,9,0,12,2008,Robbery
34.25790282704494,-118.02438979914008,23,Male,Hispanic,Clear,Day,23,4,11,2012,Theft
34.17088758739006,-118.35902792265466,44,Male,Black,Clear,Night,6,1,8,2007,Robbery
34.668643219924434,-118.17751943636564,70,Male,Black,Rainy,Day,7,3,1,2022,Robbery
34.929375989127585,-118.86747532725815,19,Female,White,Rainy,Day,2,5,4,2012,Assault
34.55676289301393,-118.13798551772737,46,Male,Asian,Clear,Day,14,5,10,2014,Burglary
34.5716126894699,-118.0772428094866,55,Female,Asian,Cloudy,Night,15,2,12,2010,Assault
34.27997909366029,-118.51293808118106,20,Male,Black,Clear,Night,3,0,5,2011,Burglary
34.769492933191934,-118.39374706224902,33,Female,Asian,Rainy,Day,20,2,9,2013,Robbery
34.18704374855752,-118.235190199097,47,Male,Black,Cloudy,Night,5,1,7,2003,Burglary
34.323679236404246,-118.82516137273959,57,Male,White,Rainy,Day,0,6,8,2000,Robbery
34.425436438616416,-118.49743392353656,19,Male,White,Rainy,Day,3,1,11,2023,Robbery
34.507610378684454,-118.60133697222768,34,Female,Black,Cloudy,Day,10,6,9,2003,Assault
34.242409732415084,-118.85362600783775,58,Female,White,Clear,Night,11,2,7,2018,Assault
34.1148368247392,-118.63246557770847,79,Male,Hispanic,Clear,Day,4,3,5,2008,Vandalism
34.61062004244163,-118.93182769061451,29,Male,Hispanic,Clear,Day,22,1,5,2009,Theft
34.28863055324025,-118.97418809305051,52,Male,White,Clear,Day,20,2,10,2003,Vandalism
34.58123822142261,-118.86483371084518,60,Female,Black,Cloudy,Night,15,0,11,2019,Vandalism
34.1543627152742,-118.03688488841082,18,Male,Black,Cloudy,Day,12,2,6,2008,Burglary
34.48114010185482,-118.45047046410498,72,Male,White,Cloudy,Night,12,2,5,2012,Robbery
34.53258943255159,-118.03417783884677,62,Male,Asian,Rainy,Day,16,4,12,2011,Robbery
34.051823536822425,-118.56750212166986,32,Male,Hispanic,Cloudy,Night,6,1,11,2010,Robbery
34.33660427819392,-118.68818386691474,43,Female,Asian,Clear,Day,7,3,9,2011,Theft
34.134414676938974,-118.49385813715976,54,Female,Black,Rainy,Day,12,3,3,2017,Burglary
34.063374970472765,-118.5604883113671,38,Male,Black,Clear,Night,22,4,3,2011,Burglary
34.98996023238995,-118.89433531573826,79,Male,Asian,Clear,Night,15,6,7,2015,Robbery
34.32235384497472,-118.3591736853098,66,Female,White,Cloudy,Day,3,5,7,2004,Vandalism
34.80987444585463,-118.7839618174904,48,Female,Asian,Cloudy,Night,7,6,6,2019,Theft
34.25464065476376,-118.38041204510218,42,Male,Asian,Clear,Day,15,3,3,2011,Vandalism
34.68150272222393,-118.34979890760185,40,Female,Hispanic,Clear,Day,20,2,7,2020,Assault
34.76022785988969,-118.84797514687135,41,Female,Hispanic,Rainy,Day,9,4,5,2010,Burglary
34.595638740607846,-118.93865037288933,74,Male,Asian,Cloudy,Night,11,0,7,2008,Burglary
34.47157618855016,-118.21923841393156,55,Female,Asian,Rainy,Day,11,1,2,2017,Vandalism
34.41184091414727,-118.54019957623068,45,Female,Black,Rainy,Night,4,1,6,2002,Theft
34.34886826654299,-118.94183620449452,38,Male,Hispanic,Rainy,Day,15,1,8,2019,Burglary
34.92952914424782,-118.00513368283023,71,Male,Hispanic,Clear,Night,0,2,1,2016,Vandalism
34.83061940778773,-118.94221943900364,60,Female,Black,Rainy,Night,8,0,4,2013,Theft
34.96502691066651,-118.30496477114144,35,Male,White,Rainy,Day,11,4,11,2000,Vandalism
34.12429722348554,-118.01632107473658,53,Female,Hispanic,Clear,Night,4,4,1,2016,Theft
34.730867475203645,-118.76081989578408,52,Male,Hispanic,Cloudy,Day,21,1,1,2007,Robbery
34.93834045682104,-118.8577506313128,62,Female,White,Cloudy,Day,19,0,10,2004,Theft
34.18123306616566,-118.87861506057757,72,Male,Hispanic,Rainy,Day,21,0,12,2004,Assault
34.06649626736678,-118.69672485243241,26,Female,Hispanic,Clear,Day,23,0,11,2008,Robbery
34.74112064929006,-118.89895418898935,70,Female,White,Cloudy,Day,2,3,8,2002,Vandalism
34.57447311317991,-118.30783865830587,55,Female,White,Rainy,Night,4,3,7,2018,Robbery
34.84182877675827,-118.93770820186994,75,Male,Asian,Rainy,Day,1,1,12,2022,Robbery
34.13977237662629,-118.4905778718502,47,Male,Black,Clear,Night,13,0,10,2008,Vandalism
34.79526731185989,-118.00330314614702,77,Female,Black,Rainy,Night,1,5,1,2021,Vandalism
34.20162732004774,-118.18602973049398,61,Female,White,Cloudy,Day,12,0,11,2017,Assault
34.1636559428657,-118.38478056176899,51,Male,White,Clear,Night,6,4,2,2015,Vandalism
34.164265797930994,-118.6937463792134,49,Male,Hispanic,Cloudy,Day,9,4,4,2000,Burglary
34.814574720231384,-118.37610416370836,20,Male,Asian,Cloudy,Night,12,1,1,2001,Burglary
34.6651972206962,-118.47295853608834,20,Male,Asian,Cloudy,Night,15,5,3,2013,Assault
34.52306542476912,-118.57391661610963,45,Male,White,Rainy,Night,13,0,8,2013,Theft
34.3588304841235,-118.8692896232598,61,Male,Hispanic,Rainy,Day,10,6,8,2000,Theft
34.87720054081311,-118.11339578475953,32,Female,Hispanic,Cloudy,Night,9,5,8,2015,Burglary
34.39244510742264,-118.55021535117868,58,Male,Black,Cloudy,Day,5,1,6,2014,Vandalism
34.816599439471574,-118.80537748817923,40,Female,Black,Clear,Night,3,4,6,2014,Assault
34.43913490857022,-118.6322406491227,57,Male,Hispanic,Clear,Night,20,6,5,2011,Theft
34.37694442942491,-118.58587024747108,28,Male,Black,Rainy,Night,0,4,9,2015,Theft
34.46267978566961,-118.17246210443312,65,Female,White,Rainy,Night,6,3,4,2013,Robbery
34.30137787416414,-118.2663856194386,49,Female,Hispanic,Clear,Day,23,1,10,2023,Burglary
34.74760938017625,-118.23069510635867,75,Male,Black,Cloudy,Day,8,1,12,2014,Vandalism
34.50272039009248,-118.98896873557135,76,Female,Asian,Rainy,Night,7,0,12,2022,Assault
34.23221269514682,-118.58384600182023,74,Female,Hispanic,Cloudy,Night,4,0,12,2014,Theft
34.89957457327457,-118.51865584836467,71,Female,Hispanic,Clear,Day,18,3,7,2018,Robbery
34.38389122137321,-118.98080772317694,53,Female,Asian,Rainy,Day,9,6,1,2007,Burglary
34.54355286111399,-118.74018679125497,77,Male,White,Rainy,Day,10,2,9,2001,Burglary
34.90647211096455,-118.23971017687786,50,Female,Asian,Clear,Day,14,5,7,2001,Assault
34.624237995913994,-118.862890294271,41,Male,Hispanic,Rainy,Night,5,2,10,2009,Theft
34.116898040708364,-118.46468986854741,56,Male,White,Clear,Night,14,2,12,2002,Assault
34.93983212361348,-118.78479812798277,51,Male,Black,Rainy,Day,4,1,9,2022,Assault
34.627708053071416,-118.98787922535611,73,Male,Black,Clear,Day,18,5,7,2016,Robbery
34.33490561465709,-118.75879854240046,45,Female,Black,Rainy,Day,21,1,2,2007,Burglary
34.13927207266339,-118.02412624508995,54,Female,Hispanic,Cloudy,Day,18,5,6,2022,Vandalism
34.79402518927029,-118.198462888117,24,Male,Asian,Cloudy,Day,9,4,10,2003,Burglary
34.62007275592851,-118.04042335567897,21,Male,White,Cloudy,Day,11,1,12,2013,Burglary
34.53346109197632,-118.51214595607364,54,Male,Black,Rainy,Night,21,1,11,2020,Robbery
34.893892583050956,-118.89026380132249,73,Male,White,Rainy,Night,3,1,4,2009,Vandalism
34.788597211224534,-118.45204051102631,18,Female,Hispanic,Cloudy,Night,17,6,3,2000,Theft
34.15167487973275,-118.54562266544004,18,Male,Black,Cloudy,Day,15,3,2,2003,Vandalism
34.31172206779555,-118.15564291726038,64,Female,Hispanic,Clear,Day,7,1,6,2000,Theft
34.24848913981447,-118.90191741921575,37,Male,Asian,Clear,Day,3,0,8,2016,Vandalism
34.74394629257268,-118.51175886297823,36,Male,Hispanic,Clear,Night,22,0,6,2016,Assault
34.03353243473578,-118.84995133530602,46,Male,Hispanic,Cloudy,Day,11,5,9,2006,Vandalism
34.56988968487131,-118.67532407310993,27,Male,Asian,Cloudy,Day,1,4,5,2022,Robbery
34.76245868574069,-118.2626429226122,77,Female,White,Cloudy,Night,3,3,2,2019,Theft
34.876765636761746,-118.52398187063123,35,Female,Asian,Clear,Day,4,6,8,2014,Burglary
34.342081748715906,-118.62411171485424,45,Female,Asian,Rainy,Night,2,5,9,2012,Robbery
34.82125730467201,-118.60552372142996,52,Male,Hispanic,Cloudy,Night,8,0,10,2001,Theft
34.110631736955206,-118.54055323159402,60,Male,White,Rainy,Day,20,3,4,2018,Theft
34.846452291734515,-118.21498345616294,64,Female,Black,Rainy,Night,17,3,6,2023,Burglary
34.127488662331984,-118.10791531105977,48,Female,Asian,Rainy,Day,10,4,11,2012,Assault
34.39728729056037,-118.04466531349607,44,Male,White,Clear,Night,2,3,10,2023,Robbery
34.797295365779554,-118.21309661374471,79,Male,Asian,Rainy,Day,22,1,8,2010,Burglary
34.149917427348775,-118.68459310425199,28,Female,Asian,Cloudy,Night,1,3,9,2021,Burglary
34.229251395232644,-118.31186529391346,66,Male,Asian,Clear,Day,8,4,12,2014,Assault
34.72225256839307,-118.56239687594461,66,Male,Asian,Cloudy,Night,13,5,5,2009,Robbery
34.720036536546075,-118.74532937795395,55,Female,Hispanic,Cloudy,Night,3,4,12,2008,Burglary
34.6411476328853,-118.15912842057408,22,Male,White,Clear,Night,8,6,6,2008,Assault
34.6939484444671,-118.96157365103768,25,Female,White,Cloudy,Day,12,4,11,2019,Robbery
34.542724443347595,-118.09823800786458,51,Male,White,Cloudy,Day,17,0,4,2000,Vandalism
34.251799058906954,-118.53852253537526,65,Female,Asian,Clear,Night,14,1,5,2016,Theft
34.34569599350392,-118.36279852319171,69,Male,Hispanic,Cloudy,Day,9,0,7,2011,Assault
34.18159771680143,-118.34064607779422,73,Female,Asian,Rainy,Night,15,5,9,2009,Theft
34.90845056133363,-118.10488225929346,29,Female,Asian,Cloudy,Day,11,2,10,2004,Vandalism
34.58339179476612,-118.36333031783279,55,Female,White,Rainy,Night,19,5,11,2017,Burglary
34.40085141676364,-118.38606641523994,18,Female,Asian,Cloudy,Day,4,1,6,2014,Burglary
34.46200580364413,-118.93334795943932,48,Male,Black,Clear,Night,1,3,6,2005,Robbery
34.947283339611815,-118.4815919780548,21,Male,Asian,Clear,Night,9,4,8,2006,Assault
34.15335140311608,-118.84983099918296,66,Female,Black,Cloudy,Night,0,2,11,2016,Assault
34.5862298320168,-118.26256623127851,62,Male,Asian,Clear,Night,6,1,4,2005,Robbery
34.50588867888447,-118.48777807918732,67,Male,Hispanic,Cloudy,Day,16,0,3,2007,Theft
34.61145423543465,-118.31977222079165,22,Male,Hispanic,Clear,Night,15,4,7,2011,Burglary
34.01811018382084,-118.95832709939762,47,Male,White,Rainy,Day,23,5,5,2020,Burglary
34.872123908944154,-118.91520798395419,73,Male,Asian,Cloudy,Day,2,0,2,2013,Assault
34.932118282483614,-118.28367661193732,41,Female,Black,Rainy,Night,13,1,2,2011,Assault
34.56513318358921,-118.92791566400133,76,Female,Black,Rainy,Day,9,1,11,2022,Robbery
34.696650823876894,-118.92874327223474,20,Female,Asian,Cloudy,Day,21,5,6,2009,Vandalism
34.922499381177296,-118.98789152476512,28,Female,Black,Rainy,Day,6,2,8,2021,Theft
34.7072386343134,-118.04349860170052,62,Male,Hispanic,Cloudy,Night,16,5,1,2019,Vandalism
34.15253904291426,-118.26249164054099,21,Male,Black,Rainy,Day,5,3,11,2014,Vandalism
34.576288360166814,-118.64674859149794,43,Female,White,Cloudy,Day,22,0,6,2006,Assault
34.60671504638285,-118.70346441871234,44,Male,Hispanic,Cloudy,Night,21,2,12,2008,Assault
34.424130671302386,-118.65029677025414,63,Male,Hispanic,Clear,Night,3,4,2,2009,Assault
34.736444235624724,-118.22534646881881,71,Female,Hispanic,Cloudy,Day,16,6,2,2009,Vandalism
34.934367014769016,-118.33862938892959,60,Male,Asian,Cloudy,Night,8,3,7,2015,Theft
34.92556851290678,-118.81480443213253,44,Female,Asian,Rainy,Day,3,2,10,2006,Assault
34.45083937140413,-118.82589066466592,59,Female,Hispanic,Cloudy,Day,6,6,1,2004,Burglary
34.11323804584075,-118.9016043502866,68,Male,Asian,Clear,Day,22,6,6,2022,Theft
34.984841198962336,-118.33969728029867,67,Male,Black,Rainy,Night,1,0,7,2002,Burglary
34.83889808644594,-118.23562733777827,23,Female,Asian,Rainy,Day,16,1,8,2017,Theft
34.12466268120327,-118.73495357167499,76,Female,Asian,Clear,Night,23,4,7,2010,Assault
34.920841882617374,-118.9790550389691,78,Male,Hispanic,Rainy,Night,7,5,6,2014,Robbery
34.86989636206213,-118.91782833252357,32,Female,White,Rainy,Day,22,0,9,2020,Assault
34.518838057126075,-118.03213996515497,70,Female,White,Rainy,Night,14,3,3,2019,Vandalism
34.591275435744926,-118.70455522252259,47,Female,White,Rainy,Night,14,6,11,2004,Vandalism
34.39900270387013,-118.23077685216187,59,Male,Black,Clear,Night,7,3,6,2023,Theft
34.05476163882203,-118.37533643114574,54,Female,Asian,Clear,Night,15,6,4,2011,Vandalism
34.3351972416459,-118.6180603603471,75,Male,White,Rainy,Night,18,1,2,2003,Assault
34.802853448598015,-118.79431273780445,78,Female,Hispanic,Rainy,Day,10,1,1,2014,Burglary
34.0046320230046,-118.8786135818406,54,Male,White,Clear,Night,1,4,12,2008,Assault
34.333499171691145,-118.38498703196113,59,Female,White,Clear,Day,22,5,12,2006,Theft
34.39816869359095,-118.22536621936221,77,Male,Asian,Clear,Day,23,4,1,2009,Vandalism
34.53739560293792,-118.35609574645886,54,Male,Asian,Rainy,Day,16,1,11,2022,Burglary
34.91985561641276,-118.46969786675083,52,Male,Asian,Rainy,Day,15,1,10,2012,Robbery
34.34634599436596,-118.95804877656836,40,Female,Black,Cloudy,Day,14,3,3,2007,Burglary
34.34695320189623,-118.03151122240561,23,Female,Black,Clear,Day,12,1,4,2011,Burglary
34.73750124810975,-118.20128580834543,21,Female,White,Rainy,Night,14,2,2,2021,Assault
34.45221794088981,-118.70717796329903,35,Male,Asian,Clear,Night,3,6,12,2023,Robbery
34.22460482293998,-118.02002967064115,77,Female,White,Rainy,Night,15,0,11,2018,Theft
34.45243951613269,-118.39811841036368,26,Male,Hispanic,Clear,Day,11,1,11,2000,Theft
34.1408570203798,-118.41757734179275,66,Female,Hispanic,Rainy,Night,3,4,11,2015,Burglary
34.17638698650622,-118.25192682057047,46,Male,Asian,Cloudy,Night,2,5,1,2021,Burglary
34.49836777273948,-118.18823021190987,30,Male,Asian,Cloudy,Night,21,6,4,2016,Vandalism
34.41892544950455,-118.34352139266849,76,Male,Hispanic,Clear,Day,16,6,7,2017,Robbery
34.9148459010681,-118.8719042536338,64,Female,Asian,Rainy,Night,21,5,10,2010,Burglary
34.36239389911663,-118.6617324940055,79,Female,Black,Rainy,Day,17,5,11,2017,Vandalism
34.58058835027804,-118.07191635967395,69,Female,Black,Clear,Night,17,6,6,2006,Robbery
34.63226428791953,-118.77538438815616,34,Male,Asian,Rainy,Day,22,2,6,2017,Theft
34.013094456588334,-118.62783297616248,62,Male,Hispanic,Clear,Day,16,4,11,2007,Vandalism
34.66353737201671,-118.5679231170558,49,Female,White,Rainy,Day,11,2,9,2005,Robbery
34.17803596686975,-118.56059501030555,65,Female,Asian,Clear,Night,22,1,2,2006,Vandalism
34.961070317469456,-118.38706041750548,39,Female,Asian,Rainy,Night,20,0,4,2022,Burglary
34.14866272775311,-118.0569241622553,21,Male,White,Clear,Day,23,5,5,2021,Assault
34.41462412372702,-118.75930728816749,22,Male,Asian,Rainy,Night,3,4,1,2009,Theft
34.08534966807864,-118.87849862369909,54,Male,White,Cloudy,Day,11,5,8,2010,Burglary
34.996874251845945,-118.80252951014006,58,Male,Hispanic,Rainy,Day,22,2,8,2012,Burglary
34.50219501033124,-118.11307509979073,66,Male,Black,Clear,Night,21,3,6,2008,Robbery
34.59538501732004,-118.3541891873448,30,Female,Hispanic,Cloudy,Night,20,1,12,2006,Vandalism
34.067076477388426,-118.71409321076084,51,Male,Black,Rainy,Night,19,0,5,2008,Theft
34.74996047039918,-118.18405306103138,62,Male,White,Cloudy,Day,14,1,8,2012,Burglary
34.209905593095584,-118.13863000363656,39,Male,Black,Rainy,Day,22,3,3,2002,Robbery
34.898054289440715,-118.15348566130972,70,Male,Hispanic,Cloudy,Night,15,0,3,2002,Theft
34.20513964048201,-118.08107346636045,76,Male,Black,Clear,Day,4,3,2,2000,Vandalism
34.19068772066367,-118.74775897982664,40,Female,White,Rainy,Night,20,1,5,2020,Burglary
34.03654966784809,-118.24495807125372,68,Male,Black,Rainy,Day,14,2,3,2019,Burglary
34.47206694511,-118.53946050272586,20,Male,Asian,Clear,Night,16,6,3,2001,Burglary
34.56484113326262,-118.15800144710994,59,Male,Hispanic,Cloudy,Night,17,1,6,2002,Theft
34.06570863942835,-118.27150932283838,51,Female,Asian,Clear,Day,4,1,8,2014,Theft
34.77552761669501,-118.22355255350027,49,Female,White,Clear,Night,12,1,2,2023,Theft
34.45328883474803,-118.34383816231893,62,Female,Black,Cloudy,Night,18,4,4,2005,Theft
34.52439026932758,-118.82257123053029,68,Male,Asian,Clear,Day,12,3,11,2012,Robbery
34.440762746938226,-118.45497308110306,75,Female,Asian,Rainy,Night,17,3,7,2020,Assault
34.40076306087533,-118.0153302604755,66,Male,Black,Rainy,Day,13,5,1,2000,Robbery
34.559640331308216,-118.06261193350288,38,Male,Black,Rainy,Night,3,3,1,2019,Burglary
34.15524024593071,-118.95682626420299,63,Female,Hispanic,Clear,Day,3,5,12,2018,Robbery
34.18192813049527,-118.83518518427056,61,Male,Asian,Rainy,Night,19,4,10,2000,Vandalism
34.86178562101352,-118.86827122654543,38,Male,Asian,Rainy,Night,19,2,7,2020,Theft
34.94611546213363,-118.2740200900147,61,Male,White,Rainy,Night,18,5,7,2021,Vandalism
34.37330931627975,-118.18221467014305,28,Female,Hispanic,Rainy,Night,12,1,1,2001,Vandalism
34.270744673143554,-118.78648863368933,56,Male,White,Rainy,Day,11,2,1,2014,Burglary
34.64399954323902,-118.49414730704817,21,Male,Asian,Rainy,Day,6,6,4,2013,Theft
34.4087341710981,-118.1592969719888,68,Female,White,Clear,Day,11,4,5,2018,Vandalism
34.025386355660345,-118.26719845523375,18,Male,Asian,Rainy,Day,20,3,5,2010,Burglary
34.15615259736619,-118.45776279450816,45,Male,Asian,Rainy,Day,3,5,4,2014,Theft
34.7159722288474,-118.40965230954123,41,Female,White,Cloudy,Day,1,1,8,2005,Assault
34.65892394191015,-118.49163945308372,78,Male,White,Clear,Day,1,0,7,2019,Burglary
34.02709599250348,-118.70245154868118,52,Male,Black,Clear,Night,4,6,9,2008,Robbery
34.221972161932946,-118.43497800714098,30,Male,Black,Clear,Night,22,0,7,2004,Theft
34.23107479658807,-118.3111146979499,64,Male,Black,Clear,Night,9,2,10,2019,Vandalism
34.671892743598725,-118.12667708413919,51,Male,Asian,Rainy,Night,9,3,1,2001,Vandalism
34.019710537754364,-118.36370864602075,28,Female,White,Rainy,Day,8,0,7,2005,Robbery
34.104108581984576,-118.23887846295685,53,Female,Hispanic,Cloudy,Day,12,2,1,2017,Robbery
34.79991608537319,-118.83992836504542,68,Female,Asian,Cloudy,Day,6,4,7,2022,Vandalism
34.178544662054335,-118.53844252558021,78,Female,Hispanic,Clear,Night,4,2,10,2018,Theft
34.652746107851875,-118.9906683801729,34,Male,White,Cloudy,Day,9,6,8,2008,Burglary
34.238182781046724,-118.75332113547837,52,Male,Asian,Cloudy,Night,9,2,11,2020,Robbery
34.099441392759346,-118.273538284887,77,Male,Hispanic,Clear,Day,5,6,9,2023,Robbery
34.24317219099945,-118.00819004865063,35,Male,Hispanic,Clear,Day,18,2,12,2005,Robbery
34.72226693185566,-118.90082190041278,57,Male,Black,Cloudy,Day,20,1,3,2013,Assault
34.85569646810629,-118.59850568413871,39,Female,Black,Rainy,Day,7,2,4,2023,Theft
34.83021986456699,-118.19992903130084,74,Female,Black,Cloudy,Night,0,5,4,2012,Theft
34.39718352961845,-118.7959643653711,41,Male,Asian,Cloudy,Night,16,2,12,2010,Theft
34.668085136570646,-118.44491505069772,75,Male,White,Rainy,Day,6,1,9,2011,Theft
34.20498429541582,-118.26692870397032,36,Male,White,Rainy,Night,13,1,7,2018,Theft
34.29314773026101,-118.38401454973982,54,Female,Black,Clear,Day,20,4,3,2018,Vandalism
34.896335818521116,-118.81197526538459,56,Male,Black,Clear,Day,20,6,10,2020,Robbery
34.013001923510735,-118.64461543131426,38,Male,Black,Cloudy,Day,16,3,5,2018,Vandalism
34.08550853085447,-118.2162082155146,25,Male,Hispanic,Rainy,Day,8,0,7,2023,Assault
34.20788625514603,-118.44577348586799,45,Female,Black,Clear,Night,16,0,8,2012,Burglary
34.02653220387382,-118.99477038645709,22,Male,Hispanic,Cloudy,Day,4,2,1,2013,Robbery
34.181435435089796,-118.2390092399719,34,Female,White,Rainy,Day,19,4,12,2023,Assault
34.58304156096969,-118.96468864505977,54,Female,Asian,Cloudy,Night,7,2,2,2017,Vandalism
34.4214245505925,-118.25426621726876,53,Female,Asian,Clear,Day,5,0,7,2011,Burglary
34.89267171107697,-118.79751943983476,71,Female,Asian,Clear,Night,10,6,11,2003,Assault
34.81744356173844,-118.04192651988062,36,Female,Asian,Rainy,Day,18,6,2,2009,Burglary
34.34181735169788,-118.63205924869791,44,Female,Hispanic,Cloudy,Day,3,6,7,2016,Assault
34.259423433431294,-118.67306838366193,70,Male,Hispanic,Rainy,Day,17,1,9,2003,Vandalism
34.379692408167266,-118.85111194966755,51,Male,Black,Clear,Day,0,3,11,2011,Burglary
34.59029494251481,-118.69439578450978,28,Male,Hispanic,Clear,Day,12,4,2,2012,Assault
34.268063640822874,-118.1233492381718,71,Female,Black,Cloudy,Day,13,1,7,2003,Vandalism
34.62414890784913,-118.00366566237275,62,Male,Black,Cloudy,Night,23,3,4,2009,Robbery
34.40941165219124,-118.63169046949315,64,Female,Asian,Cloudy,Day,0,4,11,2002,Vandalism
34.55204718085198,-118.55138936904545,29,Female,Hispanic,Rainy,Night,10,4,2,2014,Vandalism
34.436126529135315,-118.27792906179727,71,Female,Hispanic,Cloudy,Night,16,0,7,2001,Robbery
34.294465759541914,-118.11380421953493,38,Male,Black,Cloudy,Day,3,1,5,2016,Vandalism
34.94845330696216,-118.40695566581321,71,Female,Black,Clear,Night,11,4,1,2005,Robbery
34.76360579415976,-118.60847430182217,28,Female,White,Clear,Day,9,5,5,2007,Robbery
34.14011317576645,-118.58737815915137,56,Male,White,Cloudy,Night,5,6,12,2002,Robbery
34.868467975897914,-118.30438185350319,45,Male,Black,Cloudy,Day,0,4,12,2017,Assault
34.48743119824951,-118.99678173639572,22,Female,White,Clear,Night,6,3,3,2021,Burglary
34.89455222689409,-118.38041066254016,34,Female,White,Cloudy,Night,20,0,7,2000,Assault
34.799855255947314,-118.64450698955864,73,Male,Black,Rainy,Day,15,2,6,2015,Robbery
34.425213504469234,-118.20580266872291,37,Male,Black,Rainy,Night,23,6,8,2006,Burglary
34.02246930832012,-118.90700936017687,58,Male,Hispanic,Rainy,Day,13,0,5,2002,Burglary
34.268677359384945,-118.41179773305161,63,Female,Black,Cloudy,Day,22,2,2,2022,Robbery
34.54163421466087,-118.51902711011388,75,Male,Black,Clear,Day,19,1,9,2003,Burglary
34.633478219826145,-118.35767447409478,29,Male,Asian,Cloudy,Day,19,1,11,2008,Burglary
34.257887685433204,-118.93514640551703,23,Male,Hispanic,Cloudy,Day,5,4,8,2004,Assault
34.13935607407282,-118.42001621257187,34,Female,Hispanic,Clear,Night,21,5,6,2018,Burglary
34.8349302367993,-118.43851541204047,68,Male,Hispanic,Clear,Night,4,1,10,2014,Robbery
34.984402180703555,-118.43933990558384,36,Male,Asian,Clear,Night,23,4,7,2007,Theft
34.52569018230268,-118.39651233340355,43,Male,Black,Rainy,Day,20,6,9,2005,Theft
34.171679285848306,-118.32353206277364,65,Male,Hispanic,Cloudy,Night,17,0,7,2017,Theft
34.27230732651937,-118.19501100031923,61,Male,Hispanic,Clear,Night,14,1,3,2018,Robbery
34.01839067654747,-118.73017927987179,61,Female,White,Cloudy,Night,5,0,6,2023,Theft
34.9142988065605,-118.17495058981994,69,Female,Hispanic,Rainy,Night,18,0,11,2014,Assault
34.11775108289014,-118.50174431773655,49,Female,Black,Rainy,Night,0,5,11,2006,Robbery
34.576516475514254,-118.92294172086567,23,Male,Black,Clear,Day,0,1,7,2009,Robbery
34.2740552206872,-118.94144907075602,72,Female,White,Clear,Day,12,0,2,2005,Robbery
34.55417800251579,-118.66576168130393,75,Female,Hispanic,Cloudy,Night,2,5,3,2013,Burglary
34.651420388351866,-118.21510302288853,53,Female,Hispanic,Clear,Day,9,5,4,2016,Burglary
34.8297418037072,-118.29231906525908,55,Male,Hispanic,Cloudy,Day,20,1,10,2008,Burglary
34.206421271760604,-118.2113850353276,28,Male,Asian,Clear,Night,2,5,6,2018,Vandalism
34.01099582865848,-118.4827309435584,50,Female,Hispanic,Cloudy,Night,8,1,1,2004,Assault
34.136885630068804,-118.55980100204451,79,Female,Black,Cloudy,Day,7,1,9,2022,Robbery
34.900018641848106,-118.85254747329371,41,Male,Black,Cloudy,Night,2,2,5,2006,Robbery
34.873890077562514,-118.67180724639069,40,Male,Asian,Cloudy,Day,12,0,12,2018,Burglary
34.59741310217031,-118.56598063382613,32,Female,Asian,Rainy,Day,5,3,7,2019,Robbery
34.60051686043365,-118.91139957032038,44,Male,Hispanic,Cloudy,Night,12,1,9,2006,Robbery
34.66503667454626,-118.77938804728879,28,Female,White,Clear,Day,22,0,9,2023,Theft
34.17537127862345,-118.40177470593626,74,Male,Asian,Rainy,Day,19,6,1,2001,Robbery
34.91441194592496,-118.26433688576081,68,Female,Asian,Rainy,Day,19,5,1,2022,Vandalism
34.418770524892075,-118.00165248860705,67,Female,Hispanic,Cloudy,Night,11,4,3,2015,Burglary
34.383138528249496,-118.06688666865644,34,Male,Hispanic,Rainy,Night,12,1,6,2012,Assault
34.51891770528284,-118.3574348004648,68,Female,Asian,Cloudy,Night,1,5,2,2007,Assault
34.046965966775055,-118.57875194670592,70,Female,White,Clear,Night,20,5,10,2005,Theft
34.166283368756076,-118.36382263529177,31,Female,Asian,Cloudy,Day,23,5,12,2005,Assault
34.73803361642637,-118.21434838191976,44,Male,Hispanic,Rainy,Night,22,5,11,2008,Assault
34.082798667925125,-118.88166380907661,35,Male,Hispanic,Clear,Night,15,5,1,2003,Burglary
34.603152109466386,-118.59009511030371,45,Male,Asian,Cloudy,Night,22,1,1,2010,Burglary
34.24534910968132,-118.16019771436439,68,Female,White,Clear,Night,5,6,5,2004,Vandalism
34.38929561404198,-118.61616704806696,64,Male,Asian,Clear,Day,18,3,4,2016,Theft
34.288693736770696,-118.42812772877281,64,Female,Asian,Rainy,Day,20,2,1,2019,Assault
34.35567271646495,-118.4122306391378,21,Female,Hispanic,Clear,Day,12,5,4,2006,Vandalism
34.719045905184245,-118.81552374686636,24,Male,White,Rainy,Night,16,5,3,2014,Theft
34.29712171562318,-118.63776455834771,62,Male,Black,Clear,Night,22,2,2,2014,Assault
34.566404640296895,-118.66548871125806,52,Female,White,Cloudy,Day,8,6,9,2013,Assault
34.4760504021991,-118.97380329146793,65,Female,Asian,Clear,Night,16,6,11,2012,Burglary
34.66367116536265,-118.97580823610865,26,Male,Asian,Cloudy,Night,1,1,1,2010,Robbery
34.93682973932476,-118.16830295632423,25,Male,Asian,Cloudy,Day,18,0,7,2012,Theft
34.73257209721025,-118.72692919002719,69,Male,White,Clear,Day,18,4,4,2021,Assault
34.214940378590754,-118.48192123376118,62,Female,Hispanic,Cloudy,Night,23,4,5,2023,Theft
34.03118313506128,-118.70127442641123,34,Female,Asian,Clear,Night,6,0,10,2008,Vandalism
34.262264044299826,-118.05932075488467,34,Female,Asian,Clear,Night,21,1,5,2009,Vandalism
34.595077930700256,-118.74070324113423,66,Female,White,Cloudy,Day,9,4,1,2003,Robbery
34.05142581348425,-118.57034318726106,50,Female,Black,Cloudy,Day,9,6,6,2016,Assault
34.49636624720124,-118.12726974951539,49,Male,Black,Rainy,Day,19,2,9,2013,Burglary
34.596842848916886,-118.15806643320819,25,Male,Hispanic,Cloudy,Day,8,0,2,2023,Assault
34.334243890816964,-118.81389858215373,36,Female,Hispanic,Rainy,Night,16,6,7,2017,Theft
34.77091220374582,-118.19735669020429,55,Female,Asian,Cloudy,Day,14,3,6,2010,Vandalism
34.106598253133775,-118.54181311326211,20,Male,White,Clear,Day,1,1,5,2015,Theft
34.07513778173581,-118.51703112791465,76,Male,Asian,Cloudy,Night,3,0,4,2000,Robbery
34.7281887562036,-118.86652002758406,22,Male,Hispanic,Clear,Night,18,4,4,2006,Vandalism
34.4954913162062,-118.91939848624287,30,Male,White,Clear,Night,16,1,6,2009,Burglary
34.68840239642773,-118.27206069302623,64,Female,White,Clear,Day,4,2,4,2008,Vandalism
34.434827338603746,-118.5035388476447,63,Male,Hispanic,Rainy,Night,6,1,5,2002,Assault
34.24640203323911,-118.56314929738483,78,Female,Black,Cloudy,Night,17,1,6,2021,Assault
34.8191023176742,-118.27049177134761,48,Male,Black,Clear,Day,20,2,5,2022,Vandalism
34.79941587896898,-118.2344871010089,72,Male,White,Clear,Day,21,5,7,2013,Robbery
34.694696470854424,-118.84109183233065,33,Male,Asian,Rainy,Night,6,2,9,2014,Assault
34.27214513722996,-118.38977485052236,67,Female,Black,Cloudy,Day,16,6,10,2001,Assault
34.59023066686909,-118.86464591772231,49,Female,Asian,Cloudy,Night,6,1,7,2023,Burglary
34.360973896940024,-118.24862491397096,39,Male,Black,Rainy,Night,3,2,7,2013,Vandalism
34.091582073326634,-118.34304484373286,46,Female,Black,Rainy,Day,7,5,4,2015,Assault
34.917313575462245,-118.04338537891654,39,Female,Asian,Cloudy,Night,12,6,1,2006,Robbery
34.13681863091896,-118.93104198364358,60,Male,Hispanic,Rainy,Day,3,0,8,2003,Theft
34.9502373538208,-118.94294527884874,20,Male,Black,Cloudy,Day,5,2,4,2017,Vandalism
34.44600577295795,-118.7178129253068,71,Female,Black,Cloudy,Day,4,2,1,2023,Burglary
